-- MariaDB dump 10.19  Distrib 10.4.24-MariaDB, for Win64 (AMD64)
--
-- Host: localhost    Database: disdb
-- ------------------------------------------------------
-- Server version	10.4.24-MariaDB

/*!40101 SET @OLD_CHARACTER_SET_CLIENT=@@CHARACTER_SET_CLIENT */;
/*!40101 SET @OLD_CHARACTER_SET_RESULTS=@@CHARACTER_SET_RESULTS */;
/*!40101 SET @OLD_COLLATION_CONNECTION=@@COLLATION_CONNECTION */;
/*!40101 SET NAMES utf8mb4 */;
/*!40103 SET @OLD_TIME_ZONE=@@TIME_ZONE */;
/*!40103 SET TIME_ZONE='+00:00' */;
/*!40014 SET @OLD_UNIQUE_CHECKS=@@UNIQUE_CHECKS, UNIQUE_CHECKS=0 */;
/*!40014 SET @OLD_FOREIGN_KEY_CHECKS=@@FOREIGN_KEY_CHECKS, FOREIGN_KEY_CHECKS=0 */;
/*!40101 SET @OLD_SQL_MODE=@@SQL_MODE, SQL_MODE='NO_AUTO_VALUE_ON_ZERO' */;
/*!40111 SET @OLD_SQL_NOTES=@@SQL_NOTES, SQL_NOTES=0 */;

--
-- Table structure for table `global_permission`
--

DROP TABLE IF EXISTS `global_permission`;
/*!40101 SET @saved_cs_client     = @@character_set_client */;
/*!40101 SET character_set_client = utf8 */;
CREATE TABLE `global_permission` (
  `PERMISSION_ID` int(50) NOT NULL,
  `POLICY_ID` int(50) NOT NULL,
  `PERMISSION` varchar(100) NOT NULL,
  `TRANSACTION_LOG_ID` varchar(100) DEFAULT NULL,
  `RECORD_LOG` varchar(100) DEFAULT NULL,
  PRIMARY KEY (`PERMISSION_ID`)
) ENGINE=InnoDB DEFAULT CHARSET=utf8mb4;
/*!40101 SET character_set_client = @saved_cs_client */;

--
-- Dumping data for table `global_permission`
--

LOCK TABLES `global_permission` WRITE;
/*!40000 ALTER TABLE `global_permission` DISABLE KEYS */;
INSERT INTO `global_permission` VALUES (1,1,'View Policy Page','TL-9','UPD->ADMIN->2022-06-12 01:05:21'),(2,1,'Add Policy','TL-10','UPD->ADMIN->2022-06-12 01:05:25'),(3,1,'Update Policy','TL-11','UPD->ADMIN->2022-06-12 01:05:30'),(4,1,'Delete Policy','TL-12','UPD->ADMIN->2022-06-12 01:05:34'),(5,1,'View Transaction Log','TL-13','INS->ADMIN->2022-06-12 01:05:06'),(6,2,'View Permission Page','TL-15','INS->ADMIN->2022-06-12 01:07:02'),(7,2,'Add Permission','TL-16','INS->ADMIN->2022-06-12 01:07:07'),(8,2,'Update Permission','TL-17','INS->ADMIN->2022-06-12 01:07:13'),(9,2,'Delete Permission','TL-18','INS->ADMIN->2022-06-12 01:07:18'),(10,2,'View Transaction Log','TL-19','INS->ADMIN->2022-06-12 01:07:26'),(11,3,'View Role Page','TL-21','INS->ADMIN->2022-06-12 01:08:14'),(12,3,'Add Role','TL-22','INS->ADMIN->2022-06-12 01:08:19'),(13,3,'Update Role','TL-23','INS->ADMIN->2022-06-12 01:08:23'),(14,3,'Delete Role','TL-24','INS->ADMIN->2022-06-12 01:08:28'),(15,3,'View Transaction Log','TL-25','INS->ADMIN->2022-06-12 01:08:33'),(16,4,'View Role Permission Page','TL-27','UPD->ADMIN->2022-06-12 01:16:30'),(17,4,'Update Role Permission','TL-28','UPD->ADMIN->2022-06-12 01:16:36');
/*!40000 ALTER TABLE `global_permission` ENABLE KEYS */;
UNLOCK TABLES;

--
-- Table structure for table `global_policy`
--

DROP TABLE IF EXISTS `global_policy`;
/*!40101 SET @saved_cs_client     = @@character_set_client */;
/*!40101 SET character_set_client = utf8 */;
CREATE TABLE `global_policy` (
  `POLICY_ID` int(50) NOT NULL,
  `POLICY` varchar(100) NOT NULL,
  `POLICY_DESCRIPTION` varchar(200) NOT NULL,
  `TRANSACTION_LOG_ID` varchar(100) DEFAULT NULL,
  `RECORD_LOG` varchar(100) DEFAULT NULL,
  PRIMARY KEY (`POLICY_ID`),
  KEY `global_policy_index` (`POLICY_ID`),
  KEY `global_permission_index` (`POLICY_ID`)
) ENGINE=InnoDB DEFAULT CHARSET=utf8mb4;
/*!40101 SET character_set_client = @saved_cs_client */;

--
-- Dumping data for table `global_policy`
--

LOCK TABLES `global_policy` WRITE;
/*!40000 ALTER TABLE `global_policy` DISABLE KEYS */;
INSERT INTO `global_policy` VALUES (1,'Policy','Policies on policy page.','TL-7','INS->ADMIN->2022-06-12 12:12:51'),(2,'Permission','Policies on permission page.','TL-14','INS->ADMIN->2022-06-12 01:06:55'),(3,'Role','Policies on role page.','TL-20','INS->ADMIN->2022-06-12 01:07:43'),(4,'Role Permission','Policies on role permission page.','TL-26','UPD->ADMIN->2022-06-12 01:15:47');
/*!40000 ALTER TABLE `global_policy` ENABLE KEYS */;
UNLOCK TABLES;

--
-- Table structure for table `global_role`
--

DROP TABLE IF EXISTS `global_role`;
/*!40101 SET @saved_cs_client     = @@character_set_client */;
/*!40101 SET character_set_client = utf8 */;
CREATE TABLE `global_role` (
  `ROLE_ID` varchar(50) NOT NULL,
  `ROLE` varchar(100) NOT NULL,
  `ROLE_DESCRIPTION` varchar(200) NOT NULL,
  `TRANSACTION_LOG_ID` varchar(100) DEFAULT NULL,
  `RECORD_LOG` varchar(100) DEFAULT NULL,
  PRIMARY KEY (`ROLE_ID`),
  KEY `global_role_index` (`ROLE_ID`)
) ENGINE=InnoDB DEFAULT CHARSET=utf8mb4;
/*!40101 SET character_set_client = @saved_cs_client */;

--
-- Dumping data for table `global_role`
--

LOCK TABLES `global_role` WRITE;
/*!40000 ALTER TABLE `global_role` DISABLE KEYS */;
INSERT INTO `global_role` VALUES ('RL-1',' Super Admin','Super Administrator','TL-32','UPD->ADMIN->2022-06-12 02:11:08');
/*!40000 ALTER TABLE `global_role` ENABLE KEYS */;
UNLOCK TABLES;

--
-- Table structure for table `global_role_permission`
--

DROP TABLE IF EXISTS `global_role_permission`;
/*!40101 SET @saved_cs_client     = @@character_set_client */;
/*!40101 SET character_set_client = utf8 */;
CREATE TABLE `global_role_permission` (
  `ROLE_ID` varchar(50) NOT NULL,
  `PERMISSION_ID` int(20) NOT NULL,
  `RECORD_LOG` varchar(100) DEFAULT NULL
) ENGINE=InnoDB DEFAULT CHARSET=utf8mb4;
/*!40101 SET character_set_client = @saved_cs_client */;

--
-- Dumping data for table `global_role_permission`
--

LOCK TABLES `global_role_permission` WRITE;
/*!40000 ALTER TABLE `global_role_permission` DISABLE KEYS */;
/*!40000 ALTER TABLE `global_role_permission` ENABLE KEYS */;
UNLOCK TABLES;

--
-- Table structure for table `global_role_user_account`
--

DROP TABLE IF EXISTS `global_role_user_account`;
/*!40101 SET @saved_cs_client     = @@character_set_client */;
/*!40101 SET character_set_client = utf8 */;
CREATE TABLE `global_role_user_account` (
  `ROLE_ID` varchar(50) NOT NULL,
  `USERNAME` varchar(50) NOT NULL,
  `RECORD_LOG` varchar(100) DEFAULT NULL
) ENGINE=InnoDB DEFAULT CHARSET=utf8mb4;
/*!40101 SET character_set_client = @saved_cs_client */;

--
-- Dumping data for table `global_role_user_account`
--

LOCK TABLES `global_role_user_account` WRITE;
/*!40000 ALTER TABLE `global_role_user_account` DISABLE KEYS */;
/*!40000 ALTER TABLE `global_role_user_account` ENABLE KEYS */;
UNLOCK TABLES;

--
-- Table structure for table `global_system_parameters`
--

DROP TABLE IF EXISTS `global_system_parameters`;
/*!40101 SET @saved_cs_client     = @@character_set_client */;
/*!40101 SET character_set_client = utf8 */;
CREATE TABLE `global_system_parameters` (
  `PARAMETER_ID` int(11) NOT NULL,
  `PARAMETER` varchar(100) NOT NULL,
  `PARAMETER_DESCRIPTION` varchar(100) NOT NULL,
  `PARAMETER_EXTENSION` varchar(10) DEFAULT NULL,
  `PARAMETER_NUMBER` int(11) NOT NULL,
  `TRANSACTION_LOG_ID` varchar(100) DEFAULT NULL,
  `RECORD_LOG` varchar(100) DEFAULT NULL,
  PRIMARY KEY (`PARAMETER_ID`),
  KEY `global_system_parameter_index` (`PARAMETER_ID`)
) ENGINE=InnoDB DEFAULT CHARSET=utf8mb4;
/*!40101 SET character_set_client = @saved_cs_client */;

--
-- Dumping data for table `global_system_parameters`
--

LOCK TABLES `global_system_parameters` WRITE;
/*!40000 ALTER TABLE `global_system_parameters` DISABLE KEYS */;
INSERT INTO `global_system_parameters` VALUES (1,'System Parameter','Parameter for system parameters.','',3,'TL-2',NULL),(2,'Transaction Log','Parameter for transaction logs.','TL-',33,'TL-3','UPD->ADMIN->2022-06-12 02:11:29'),(3,'Policy','Parameter for policies.','',4,'TL-4','UPD->ADMIN->2022-06-12 01:08:55'),(4,'Permissions','Parameter for permissions.','',17,'TL-5','UPD->ADMIN->2022-06-12 01:10:00'),(5,'Role','Parameter for role.','RL-',2,'TL-5','UPD->ADMIN->2022-06-12 02:11:29');
/*!40000 ALTER TABLE `global_system_parameters` ENABLE KEYS */;
UNLOCK TABLES;

--
-- Table structure for table `global_transaction_log`
--

DROP TABLE IF EXISTS `global_transaction_log`;
/*!40101 SET @saved_cs_client     = @@character_set_client */;
/*!40101 SET character_set_client = utf8 */;
CREATE TABLE `global_transaction_log` (
  `TRANSACTION_LOG_ID` varchar(100) NOT NULL,
  `USERNAME` varchar(50) NOT NULL,
  `LOG_TYPE` varchar(100) NOT NULL,
  `LOG_DATE` datetime NOT NULL,
  `LOG` varchar(4000) DEFAULT NULL
) ENGINE=InnoDB DEFAULT CHARSET=utf8mb4;
/*!40101 SET character_set_client = @saved_cs_client */;

--
-- Dumping data for table `global_transaction_log`
--

LOCK TABLES `global_transaction_log` WRITE;
/*!40000 ALTER TABLE `global_transaction_log` DISABLE KEYS */;
INSERT INTO `global_transaction_log` VALUES ('TL-1','ADMIN','Insert','2021-08-01 12:00:00','User ADMIN inserted user account.'),('TL-2','ADMIN','Insert','2021-08-01 12:00:00','User ADMIN inserted system parameter.'),('TL-3','ADMIN','Insert','2021-08-01 12:00:00','User ADMIN inserted system parameter.'),('TL-4','ADMIN','Insert','2021-08-01 12:00:00','User ADMIN inserted system parameter.'),('TL-5','ADMIN','Insert','2021-08-01 12:00:00','User ADMIN inserted system parameter.'),('TL-1','ADMIN','Update','2022-06-11 18:51:46','User ADMIN updated user account password.'),('TL-1','ADMIN','Log In','2022-06-11 18:51:50','User ADMIN logged in.'),('TL-1','ADMIN','Log In','2022-06-11 19:44:50','User ADMIN logged out.'),('TL-1','ADMIN','Log In','2022-06-11 19:44:57','User ADMIN logged in.'),('TL-1','ADMIN','Log In','2022-06-11 19:45:18','User ADMIN logged out.'),('TL-1','ADMIN','Log In','2022-06-11 19:46:35','User ADMIN logged in.'),('TL-5','ADMIN','Insert','2022-06-11 20:36:33','User ADMIN inserted policy.'),('TL-5','ADMIN','Update','2022-06-11 20:37:43','User ADMIN updated policy.'),('TL-6','ADMIN','Insert','2022-06-11 20:39:01','User ADMIN inserted policy.'),('TL-1','ADMIN','Log In','2022-06-12 12:07:07','User ADMIN logged in.'),('TL-7','ADMIN','Insert','2022-06-12 12:12:51','User ADMIN inserted policy.'),('TL-8','ADMIN','Insert','2022-06-12 13:01:31','User ADMIN inserted permission.'),('TL-8','ADMIN','Update','2022-06-12 13:01:34','User ADMIN updated permission.'),('TL-9','ADMIN','Insert','2022-06-12 13:04:42','User ADMIN inserted permission.'),('TL-10','ADMIN','Insert','2022-06-12 13:04:47','User ADMIN inserted permission.'),('TL-11','ADMIN','Insert','2022-06-12 13:04:55','User ADMIN inserted permission.'),('TL-12','ADMIN','Insert','2022-06-12 13:04:59','User ADMIN inserted permission.'),('TL-13','ADMIN','Insert','2022-06-12 13:05:06','User ADMIN inserted permission.'),('TL-9','ADMIN','Update','2022-06-12 13:05:21','User ADMIN updated permission.'),('TL-10','ADMIN','Update','2022-06-12 13:05:25','User ADMIN updated permission.'),('TL-11','ADMIN','Update','2022-06-12 13:05:30','User ADMIN updated permission.'),('TL-12','ADMIN','Update','2022-06-12 13:05:34','User ADMIN updated permission.'),('TL-14','ADMIN','Insert','2022-06-12 13:06:55','User ADMIN inserted policy.'),('TL-15','ADMIN','Insert','2022-06-12 13:07:02','User ADMIN inserted permission.'),('TL-16','ADMIN','Insert','2022-06-12 13:07:07','User ADMIN inserted permission.'),('TL-17','ADMIN','Insert','2022-06-12 13:07:13','User ADMIN inserted permission.'),('TL-18','ADMIN','Insert','2022-06-12 13:07:18','User ADMIN inserted permission.'),('TL-19','ADMIN','Insert','2022-06-12 13:07:26','User ADMIN inserted permission.'),('TL-20','ADMIN','Insert','2022-06-12 13:07:43','User ADMIN inserted policy.'),('TL-21','ADMIN','Insert','2022-06-12 13:08:14','User ADMIN inserted permission.'),('TL-22','ADMIN','Insert','2022-06-12 13:08:19','User ADMIN inserted permission.'),('TL-23','ADMIN','Insert','2022-06-12 13:08:23','User ADMIN inserted permission.'),('TL-24','ADMIN','Insert','2022-06-12 13:08:28','User ADMIN inserted permission.'),('TL-25','ADMIN','Insert','2022-06-12 13:08:33','User ADMIN inserted permission.'),('TL-26','ADMIN','Insert','2022-06-12 13:08:55','User ADMIN inserted policy.'),('TL-27','ADMIN','Insert','2022-06-12 13:09:11','User ADMIN inserted permission.'),('TL-28','ADMIN','Insert','2022-06-12 13:09:15','User ADMIN inserted permission.'),('TL-29','ADMIN','Insert','2022-06-12 13:09:21','User ADMIN inserted permission.'),('TL-30','ADMIN','Insert','2022-06-12 13:09:34','User ADMIN inserted permission.'),('TL-31','ADMIN','Insert','2022-06-12 13:10:00','User ADMIN inserted permission.'),('TL-26','ADMIN','Update','2022-06-12 13:15:47','User ADMIN updated policy.'),('TL-27','ADMIN','Update','2022-06-12 13:16:30','User ADMIN updated permission.'),('TL-28','ADMIN','Update','2022-06-12 13:16:36','User ADMIN updated permission.'),('TL-32','ADMIN','Insert','2022-06-12 14:09:14','User ADMIN inserted role.'),('TL-32','ADMIN','Update','2022-06-12 14:11:04','User ADMIN updated role.'),('TL-32','ADMIN','Update','2022-06-12 14:11:08','User ADMIN updated role.'),('TL-33','ADMIN','Insert','2022-06-12 14:11:29','User ADMIN inserted role.');
/*!40000 ALTER TABLE `global_transaction_log` ENABLE KEYS */;
UNLOCK TABLES;

--
-- Table structure for table `global_user_account`
--

DROP TABLE IF EXISTS `global_user_account`;
/*!40101 SET @saved_cs_client     = @@character_set_client */;
/*!40101 SET character_set_client = utf8 */;
CREATE TABLE `global_user_account` (
  `USERNAME` varchar(50) NOT NULL,
  `PASSWORD` varchar(200) NOT NULL,
  `USER_STATUS` varchar(10) NOT NULL,
  `PASSWORD_EXPIRY_DATE` date NOT NULL,
  `FAILED_LOGIN` int(1) NOT NULL,
  `LAST_FAILED_LOGIN` datetime DEFAULT NULL,
  `TRANSACTION_LOG_ID` varchar(100) DEFAULT NULL,
  `RECORD_LOG` varchar(100) DEFAULT NULL,
  PRIMARY KEY (`USERNAME`),
  KEY `global_user_account_index` (`USERNAME`)
) ENGINE=InnoDB DEFAULT CHARSET=utf8mb4;
/*!40101 SET character_set_client = @saved_cs_client */;

--
-- Dumping data for table `global_user_account`
--

LOCK TABLES `global_user_account` WRITE;
/*!40000 ALTER TABLE `global_user_account` DISABLE KEYS */;
INSERT INTO `global_user_account` VALUES ('ADMIN','68aff5412f35ed76','ACTIVE','2022-12-11',0,NULL,'TL-1',NULL);
/*!40000 ALTER TABLE `global_user_account` ENABLE KEYS */;
UNLOCK TABLES;

--
-- Dumping routines for database 'disdb'
--
/*!50003 DROP PROCEDURE IF EXISTS `check_permission_exist` */;
/*!50003 SET @saved_cs_client      = @@character_set_client */ ;
/*!50003 SET @saved_cs_results     = @@character_set_results */ ;
/*!50003 SET @saved_col_connection = @@collation_connection */ ;
/*!50003 SET character_set_client  = utf8mb4 */ ;
/*!50003 SET character_set_results = utf8mb4 */ ;
/*!50003 SET collation_connection  = utf8mb4_unicode_ci */ ;
/*!50003 SET @saved_sql_mode       = @@sql_mode */ ;
/*!50003 SET sql_mode              = 'NO_ZERO_IN_DATE,NO_ZERO_DATE,NO_ENGINE_SUBSTITUTION' */ ;
DELIMITER ;;
CREATE DEFINER=`root`@`localhost` PROCEDURE `check_permission_exist`(IN permission_id INT)
BEGIN
	SET @permission_id = permission_id;

	SET @query = 'SELECT COUNT(1) AS TOTAL FROM global_permission WHERE PERMISSION_ID = @permission_id';

	PREPARE stmt FROM @query;
	EXECUTE stmt;
	DROP PREPARE stmt;
END ;;
DELIMITER ;
/*!50003 SET sql_mode              = @saved_sql_mode */ ;
/*!50003 SET character_set_client  = @saved_cs_client */ ;
/*!50003 SET character_set_results = @saved_cs_results */ ;
/*!50003 SET collation_connection  = @saved_col_connection */ ;
/*!50003 DROP PROCEDURE IF EXISTS `check_policy_exist` */;
/*!50003 SET @saved_cs_client      = @@character_set_client */ ;
/*!50003 SET @saved_cs_results     = @@character_set_results */ ;
/*!50003 SET @saved_col_connection = @@collation_connection */ ;
/*!50003 SET character_set_client  = utf8mb4 */ ;
/*!50003 SET character_set_results = utf8mb4 */ ;
/*!50003 SET collation_connection  = utf8mb4_unicode_ci */ ;
/*!50003 SET @saved_sql_mode       = @@sql_mode */ ;
/*!50003 SET sql_mode              = 'NO_ZERO_IN_DATE,NO_ZERO_DATE,NO_ENGINE_SUBSTITUTION' */ ;
DELIMITER ;;
CREATE DEFINER=`root`@`localhost` PROCEDURE `check_policy_exist`(IN policy_id INT)
BEGIN
	SET @policy_id = policy_id;

	SET @query = 'SELECT COUNT(1) AS TOTAL FROM global_policy WHERE POLICY_ID = @policy_id';

	PREPARE stmt FROM @query;
	EXECUTE stmt;
	DROP PREPARE stmt;
END ;;
DELIMITER ;
/*!50003 SET sql_mode              = @saved_sql_mode */ ;
/*!50003 SET character_set_client  = @saved_cs_client */ ;
/*!50003 SET character_set_results = @saved_cs_results */ ;
/*!50003 SET collation_connection  = @saved_col_connection */ ;
/*!50003 DROP PROCEDURE IF EXISTS `check_role_exist` */;
/*!50003 SET @saved_cs_client      = @@character_set_client */ ;
/*!50003 SET @saved_cs_results     = @@character_set_results */ ;
/*!50003 SET @saved_col_connection = @@collation_connection */ ;
/*!50003 SET character_set_client  = utf8mb4 */ ;
/*!50003 SET character_set_results = utf8mb4 */ ;
/*!50003 SET collation_connection  = utf8mb4_unicode_ci */ ;
/*!50003 SET @saved_sql_mode       = @@sql_mode */ ;
/*!50003 SET sql_mode              = 'NO_ZERO_IN_DATE,NO_ZERO_DATE,NO_ENGINE_SUBSTITUTION' */ ;
DELIMITER ;;
CREATE DEFINER=`root`@`localhost` PROCEDURE `check_role_exist`(IN role_id VARCHAR(50))
BEGIN
	SET @role_id = role_id;

	SET @query = 'SELECT COUNT(1) AS TOTAL FROM global_role WHERE ROLE_ID = @role_id';

	PREPARE stmt FROM @query;
	EXECUTE stmt;
	DROP PREPARE stmt;
END ;;
DELIMITER ;
/*!50003 SET sql_mode              = @saved_sql_mode */ ;
/*!50003 SET character_set_client  = @saved_cs_client */ ;
/*!50003 SET character_set_results = @saved_cs_results */ ;
/*!50003 SET collation_connection  = @saved_col_connection */ ;
/*!50003 DROP PROCEDURE IF EXISTS `check_user_account_exist` */;
/*!50003 SET @saved_cs_client      = @@character_set_client */ ;
/*!50003 SET @saved_cs_results     = @@character_set_results */ ;
/*!50003 SET @saved_col_connection = @@collation_connection */ ;
/*!50003 SET character_set_client  = utf8mb4 */ ;
/*!50003 SET character_set_results = utf8mb4 */ ;
/*!50003 SET collation_connection  = utf8mb4_unicode_ci */ ;
/*!50003 SET @saved_sql_mode       = @@sql_mode */ ;
/*!50003 SET sql_mode              = 'NO_ZERO_IN_DATE,NO_ZERO_DATE,NO_ENGINE_SUBSTITUTION' */ ;
DELIMITER ;;
CREATE DEFINER=`root`@`localhost` PROCEDURE `check_user_account_exist`(IN username VARCHAR(50))
BEGIN
	SET @username = username;

	SET @query = 'SELECT COUNT(1) AS TOTAL FROM global_user_account WHERE BINARY USERNAME = @username';

	PREPARE stmt FROM @query;
	EXECUTE stmt;
	DROP PREPARE stmt;
END ;;
DELIMITER ;
/*!50003 SET sql_mode              = @saved_sql_mode */ ;
/*!50003 SET character_set_client  = @saved_cs_client */ ;
/*!50003 SET character_set_results = @saved_cs_results */ ;
/*!50003 SET collation_connection  = @saved_col_connection */ ;
/*!50003 DROP PROCEDURE IF EXISTS `delete_all_permission` */;
/*!50003 SET @saved_cs_client      = @@character_set_client */ ;
/*!50003 SET @saved_cs_results     = @@character_set_results */ ;
/*!50003 SET @saved_col_connection = @@collation_connection */ ;
/*!50003 SET character_set_client  = utf8mb4 */ ;
/*!50003 SET character_set_results = utf8mb4 */ ;
/*!50003 SET collation_connection  = utf8mb4_unicode_ci */ ;
/*!50003 SET @saved_sql_mode       = @@sql_mode */ ;
/*!50003 SET sql_mode              = 'NO_ZERO_IN_DATE,NO_ZERO_DATE,NO_ENGINE_SUBSTITUTION' */ ;
DELIMITER ;;
CREATE DEFINER=`root`@`localhost` PROCEDURE `delete_all_permission`(IN policy_id INT)
BEGIN
	SET @policy_id = policy_id;

	SET @query = 'DELETE FROM global_permission WHERE POLICY_ID = @policy_id';

	PREPARE stmt FROM @query;
	EXECUTE stmt;
	DROP PREPARE stmt;
END ;;
DELIMITER ;
/*!50003 SET sql_mode              = @saved_sql_mode */ ;
/*!50003 SET character_set_client  = @saved_cs_client */ ;
/*!50003 SET character_set_results = @saved_cs_results */ ;
/*!50003 SET collation_connection  = @saved_col_connection */ ;
/*!50003 DROP PROCEDURE IF EXISTS `delete_permission` */;
/*!50003 SET @saved_cs_client      = @@character_set_client */ ;
/*!50003 SET @saved_cs_results     = @@character_set_results */ ;
/*!50003 SET @saved_col_connection = @@collation_connection */ ;
/*!50003 SET character_set_client  = utf8mb4 */ ;
/*!50003 SET character_set_results = utf8mb4 */ ;
/*!50003 SET collation_connection  = utf8mb4_unicode_ci */ ;
/*!50003 SET @saved_sql_mode       = @@sql_mode */ ;
/*!50003 SET sql_mode              = 'NO_ZERO_IN_DATE,NO_ZERO_DATE,NO_ENGINE_SUBSTITUTION' */ ;
DELIMITER ;;
CREATE DEFINER=`root`@`localhost` PROCEDURE `delete_permission`(IN permission_id INT)
BEGIN
	SET @permission_id = permission_id;

	SET @query = 'DELETE FROM global_permission WHERE PERMISSION_ID = @permission_id';

	PREPARE stmt FROM @query;
	EXECUTE stmt;
	DROP PREPARE stmt;
END ;;
DELIMITER ;
/*!50003 SET sql_mode              = @saved_sql_mode */ ;
/*!50003 SET character_set_client  = @saved_cs_client */ ;
/*!50003 SET character_set_results = @saved_cs_results */ ;
/*!50003 SET collation_connection  = @saved_col_connection */ ;
/*!50003 DROP PROCEDURE IF EXISTS `delete_permission_role` */;
/*!50003 SET @saved_cs_client      = @@character_set_client */ ;
/*!50003 SET @saved_cs_results     = @@character_set_results */ ;
/*!50003 SET @saved_col_connection = @@collation_connection */ ;
/*!50003 SET character_set_client  = utf8mb4 */ ;
/*!50003 SET character_set_results = utf8mb4 */ ;
/*!50003 SET collation_connection  = utf8mb4_unicode_ci */ ;
/*!50003 SET @saved_sql_mode       = @@sql_mode */ ;
/*!50003 SET sql_mode              = 'NO_ZERO_IN_DATE,NO_ZERO_DATE,NO_ENGINE_SUBSTITUTION' */ ;
DELIMITER ;;
CREATE DEFINER=`root`@`localhost` PROCEDURE `delete_permission_role`(IN role_id VARCHAR(100))
BEGIN
	SET @role_id = role_id;

	SET @query = 'DELETE FROM global_role_permission WHERE ROLE_ID = @role_id';

	PREPARE stmt FROM @query;
	EXECUTE stmt;
	DROP PREPARE stmt;
END ;;
DELIMITER ;
/*!50003 SET sql_mode              = @saved_sql_mode */ ;
/*!50003 SET character_set_client  = @saved_cs_client */ ;
/*!50003 SET character_set_results = @saved_cs_results */ ;
/*!50003 SET collation_connection  = @saved_col_connection */ ;
/*!50003 DROP PROCEDURE IF EXISTS `delete_policy` */;
/*!50003 SET @saved_cs_client      = @@character_set_client */ ;
/*!50003 SET @saved_cs_results     = @@character_set_results */ ;
/*!50003 SET @saved_col_connection = @@collation_connection */ ;
/*!50003 SET character_set_client  = utf8mb4 */ ;
/*!50003 SET character_set_results = utf8mb4 */ ;
/*!50003 SET collation_connection  = utf8mb4_unicode_ci */ ;
/*!50003 SET @saved_sql_mode       = @@sql_mode */ ;
/*!50003 SET sql_mode              = 'NO_ZERO_IN_DATE,NO_ZERO_DATE,NO_ENGINE_SUBSTITUTION' */ ;
DELIMITER ;;
CREATE DEFINER=`root`@`localhost` PROCEDURE `delete_policy`(IN policy_id INT)
BEGIN
	SET @policy_id = policy_id;

	SET @query = 'DELETE FROM global_policy WHERE POLICY_ID = @policy_id';

	PREPARE stmt FROM @query;
	EXECUTE stmt;
	DROP PREPARE stmt;
END ;;
DELIMITER ;
/*!50003 SET sql_mode              = @saved_sql_mode */ ;
/*!50003 SET character_set_client  = @saved_cs_client */ ;
/*!50003 SET character_set_results = @saved_cs_results */ ;
/*!50003 SET collation_connection  = @saved_col_connection */ ;
/*!50003 DROP PROCEDURE IF EXISTS `delete_role` */;
/*!50003 SET @saved_cs_client      = @@character_set_client */ ;
/*!50003 SET @saved_cs_results     = @@character_set_results */ ;
/*!50003 SET @saved_col_connection = @@collation_connection */ ;
/*!50003 SET character_set_client  = utf8mb4 */ ;
/*!50003 SET character_set_results = utf8mb4 */ ;
/*!50003 SET collation_connection  = utf8mb4_unicode_ci */ ;
/*!50003 SET @saved_sql_mode       = @@sql_mode */ ;
/*!50003 SET sql_mode              = 'NO_ZERO_IN_DATE,NO_ZERO_DATE,NO_ENGINE_SUBSTITUTION' */ ;
DELIMITER ;;
CREATE DEFINER=`root`@`localhost` PROCEDURE `delete_role`(IN role_id VARCHAR(100))
BEGIN
	SET @role_id = role_id;

	SET @query = 'DELETE FROM global_role WHERE ROLE_ID = @role_id';

	PREPARE stmt FROM @query;
	EXECUTE stmt;
	DROP PREPARE stmt;
END ;;
DELIMITER ;
/*!50003 SET sql_mode              = @saved_sql_mode */ ;
/*!50003 SET character_set_client  = @saved_cs_client */ ;
/*!50003 SET character_set_results = @saved_cs_results */ ;
/*!50003 SET collation_connection  = @saved_col_connection */ ;
/*!50003 DROP PROCEDURE IF EXISTS `get_permission_count` */;
/*!50003 SET @saved_cs_client      = @@character_set_client */ ;
/*!50003 SET @saved_cs_results     = @@character_set_results */ ;
/*!50003 SET @saved_col_connection = @@collation_connection */ ;
/*!50003 SET character_set_client  = utf8mb4 */ ;
/*!50003 SET character_set_results = utf8mb4 */ ;
/*!50003 SET collation_connection  = utf8mb4_unicode_ci */ ;
/*!50003 SET @saved_sql_mode       = @@sql_mode */ ;
/*!50003 SET sql_mode              = 'NO_ZERO_IN_DATE,NO_ZERO_DATE,NO_ENGINE_SUBSTITUTION' */ ;
DELIMITER ;;
CREATE DEFINER=`root`@`localhost` PROCEDURE `get_permission_count`(IN role_id VARCHAR(50), IN permission_id INT)
BEGIN
	SET @role_id = role_id;
	SET @permission_id = permission_id;

	SET @query = 'SELECT COUNT(PERMISSION_ID) AS TOTAL FROM global_role_permission WHERE ROLE_ID = @role_id AND PERMISSION_ID = @permission_id';

	PREPARE stmt FROM @query;
	EXECUTE stmt;
	DROP PREPARE stmt;
END ;;
DELIMITER ;
/*!50003 SET sql_mode              = @saved_sql_mode */ ;
/*!50003 SET character_set_client  = @saved_cs_client */ ;
/*!50003 SET character_set_results = @saved_cs_results */ ;
/*!50003 SET collation_connection  = @saved_col_connection */ ;
/*!50003 DROP PROCEDURE IF EXISTS `get_permission_details` */;
/*!50003 SET @saved_cs_client      = @@character_set_client */ ;
/*!50003 SET @saved_cs_results     = @@character_set_results */ ;
/*!50003 SET @saved_col_connection = @@collation_connection */ ;
/*!50003 SET character_set_client  = utf8mb4 */ ;
/*!50003 SET character_set_results = utf8mb4 */ ;
/*!50003 SET collation_connection  = utf8mb4_unicode_ci */ ;
/*!50003 SET @saved_sql_mode       = @@sql_mode */ ;
/*!50003 SET sql_mode              = 'NO_ZERO_IN_DATE,NO_ZERO_DATE,NO_ENGINE_SUBSTITUTION' */ ;
DELIMITER ;;
CREATE DEFINER=`root`@`localhost` PROCEDURE `get_permission_details`(IN permission_id INT)
BEGIN
	SET @permission_id = permission_id;

	SET @query = 'SELECT POLICY_ID, PERMISSION, TRANSACTION_LOG_ID, RECORD_LOG FROM global_permission WHERE PERMISSION_ID = @permission_id';

	PREPARE stmt FROM @query;
	EXECUTE stmt;
	DROP PREPARE stmt;
END ;;
DELIMITER ;
/*!50003 SET sql_mode              = @saved_sql_mode */ ;
/*!50003 SET character_set_client  = @saved_cs_client */ ;
/*!50003 SET character_set_results = @saved_cs_results */ ;
/*!50003 SET collation_connection  = @saved_col_connection */ ;
/*!50003 DROP PROCEDURE IF EXISTS `get_policy_details` */;
/*!50003 SET @saved_cs_client      = @@character_set_client */ ;
/*!50003 SET @saved_cs_results     = @@character_set_results */ ;
/*!50003 SET @saved_col_connection = @@collation_connection */ ;
/*!50003 SET character_set_client  = utf8mb4 */ ;
/*!50003 SET character_set_results = utf8mb4 */ ;
/*!50003 SET collation_connection  = utf8mb4_unicode_ci */ ;
/*!50003 SET @saved_sql_mode       = @@sql_mode */ ;
/*!50003 SET sql_mode              = 'NO_ZERO_IN_DATE,NO_ZERO_DATE,NO_ENGINE_SUBSTITUTION' */ ;
DELIMITER ;;
CREATE DEFINER=`root`@`localhost` PROCEDURE `get_policy_details`(IN policy_id INT)
BEGIN
	SET @policy_id = policy_id;

	SET @query = 'SELECT POLICY, POLICY_DESCRIPTION, TRANSACTION_LOG_ID, RECORD_LOG FROM global_policy WHERE POLICY_ID = @policy_id';

	PREPARE stmt FROM @query;
	EXECUTE stmt;
	DROP PREPARE stmt;
END ;;
DELIMITER ;
/*!50003 SET sql_mode              = @saved_sql_mode */ ;
/*!50003 SET character_set_client  = @saved_cs_client */ ;
/*!50003 SET character_set_results = @saved_cs_results */ ;
/*!50003 SET collation_connection  = @saved_col_connection */ ;
/*!50003 DROP PROCEDURE IF EXISTS `get_role_details` */;
/*!50003 SET @saved_cs_client      = @@character_set_client */ ;
/*!50003 SET @saved_cs_results     = @@character_set_results */ ;
/*!50003 SET @saved_col_connection = @@collation_connection */ ;
/*!50003 SET character_set_client  = utf8mb4 */ ;
/*!50003 SET character_set_results = utf8mb4 */ ;
/*!50003 SET collation_connection  = utf8mb4_unicode_ci */ ;
/*!50003 SET @saved_sql_mode       = @@sql_mode */ ;
/*!50003 SET sql_mode              = 'NO_ZERO_IN_DATE,NO_ZERO_DATE,NO_ENGINE_SUBSTITUTION' */ ;
DELIMITER ;;
CREATE DEFINER=`root`@`localhost` PROCEDURE `get_role_details`(IN role_id VARCHAR(100))
BEGIN
	SET @role_id = role_id;

	SET @query = 'SELECT ROLE, ROLE_DESCRIPTION, TRANSACTION_LOG_ID, RECORD_LOG FROM global_role WHERE ROLE_ID = @role_id';

	PREPARE stmt FROM @query;
	EXECUTE stmt;
	DROP PREPARE stmt;
END ;;
DELIMITER ;
/*!50003 SET sql_mode              = @saved_sql_mode */ ;
/*!50003 SET character_set_client  = @saved_cs_client */ ;
/*!50003 SET character_set_results = @saved_cs_results */ ;
/*!50003 SET collation_connection  = @saved_col_connection */ ;
/*!50003 DROP PROCEDURE IF EXISTS `get_role_permission_details` */;
/*!50003 SET @saved_cs_client      = @@character_set_client */ ;
/*!50003 SET @saved_cs_results     = @@character_set_results */ ;
/*!50003 SET @saved_col_connection = @@collation_connection */ ;
/*!50003 SET character_set_client  = utf8mb4 */ ;
/*!50003 SET character_set_results = utf8mb4 */ ;
/*!50003 SET collation_connection  = utf8mb4_unicode_ci */ ;
/*!50003 SET @saved_sql_mode       = @@sql_mode */ ;
/*!50003 SET sql_mode              = 'NO_ZERO_IN_DATE,NO_ZERO_DATE,NO_ENGINE_SUBSTITUTION' */ ;
DELIMITER ;;
CREATE DEFINER=`root`@`localhost` PROCEDURE `get_role_permission_details`(IN role_id VARCHAR(100))
BEGIN
	SET @role_id = role_id;

	SET @query = 'SELECT PERMISSION_ID, RECORD_LOG FROM global_role_permission WHERE ROLE_ID = @role_id';

	PREPARE stmt FROM @query;
	EXECUTE stmt;
	DROP PREPARE stmt;
END ;;
DELIMITER ;
/*!50003 SET sql_mode              = @saved_sql_mode */ ;
/*!50003 SET character_set_client  = @saved_cs_client */ ;
/*!50003 SET character_set_results = @saved_cs_results */ ;
/*!50003 SET collation_connection  = @saved_col_connection */ ;
/*!50003 DROP PROCEDURE IF EXISTS `get_system_parameter` */;
/*!50003 SET @saved_cs_client      = @@character_set_client */ ;
/*!50003 SET @saved_cs_results     = @@character_set_results */ ;
/*!50003 SET @saved_col_connection = @@collation_connection */ ;
/*!50003 SET character_set_client  = utf8mb4 */ ;
/*!50003 SET character_set_results = utf8mb4 */ ;
/*!50003 SET collation_connection  = utf8mb4_unicode_ci */ ;
/*!50003 SET @saved_sql_mode       = @@sql_mode */ ;
/*!50003 SET sql_mode              = 'NO_ZERO_IN_DATE,NO_ZERO_DATE,NO_ENGINE_SUBSTITUTION' */ ;
DELIMITER ;;
CREATE DEFINER=`root`@`localhost` PROCEDURE `get_system_parameter`(IN parameter_id INT)
BEGIN
	SET @parameter_id = parameter_id;

	SET @query = 'SELECT PARAMETER_EXTENSION, PARAMETER_NUMBER FROM global_system_parameters WHERE PARAMETER_ID = @parameter_id';

	PREPARE stmt FROM @query;
	EXECUTE stmt;
	DROP PREPARE stmt;
END ;;
DELIMITER ;
/*!50003 SET sql_mode              = @saved_sql_mode */ ;
/*!50003 SET character_set_client  = @saved_cs_client */ ;
/*!50003 SET character_set_results = @saved_cs_results */ ;
/*!50003 SET collation_connection  = @saved_col_connection */ ;
/*!50003 DROP PROCEDURE IF EXISTS `get_user_account_details` */;
/*!50003 SET @saved_cs_client      = @@character_set_client */ ;
/*!50003 SET @saved_cs_results     = @@character_set_results */ ;
/*!50003 SET @saved_col_connection = @@collation_connection */ ;
/*!50003 SET character_set_client  = utf8mb4 */ ;
/*!50003 SET character_set_results = utf8mb4 */ ;
/*!50003 SET collation_connection  = utf8mb4_unicode_ci */ ;
/*!50003 SET @saved_sql_mode       = @@sql_mode */ ;
/*!50003 SET sql_mode              = 'NO_ZERO_IN_DATE,NO_ZERO_DATE,NO_ENGINE_SUBSTITUTION' */ ;
DELIMITER ;;
CREATE DEFINER=`root`@`localhost` PROCEDURE `get_user_account_details`(IN username VARCHAR(50))
BEGIN
	SET @username = username;

	SET @query = 'SELECT PASSWORD, USER_STATUS, PASSWORD_EXPIRY_DATE, FAILED_LOGIN, LAST_FAILED_LOGIN, TRANSACTION_LOG_ID, RECORD_LOG FROM global_user_account WHERE USERNAME = @username';

	PREPARE stmt FROM @query;
	EXECUTE stmt;
	DROP PREPARE stmt;
END ;;
DELIMITER ;
/*!50003 SET sql_mode              = @saved_sql_mode */ ;
/*!50003 SET character_set_client  = @saved_cs_client */ ;
/*!50003 SET character_set_results = @saved_cs_results */ ;
/*!50003 SET collation_connection  = @saved_col_connection */ ;
/*!50003 DROP PROCEDURE IF EXISTS `insert_permission` */;
/*!50003 SET @saved_cs_client      = @@character_set_client */ ;
/*!50003 SET @saved_cs_results     = @@character_set_results */ ;
/*!50003 SET @saved_col_connection = @@collation_connection */ ;
/*!50003 SET character_set_client  = utf8mb4 */ ;
/*!50003 SET character_set_results = utf8mb4 */ ;
/*!50003 SET collation_connection  = utf8mb4_unicode_ci */ ;
/*!50003 SET @saved_sql_mode       = @@sql_mode */ ;
/*!50003 SET sql_mode              = 'NO_ZERO_IN_DATE,NO_ZERO_DATE,NO_ENGINE_SUBSTITUTION' */ ;
DELIMITER ;;
CREATE DEFINER=`root`@`localhost` PROCEDURE `insert_permission`(IN permission_id INT, IN policy_id INT, IN permission VARCHAR(100), IN transaction_log_id VARCHAR(100), IN record_log VARCHAR(100))
BEGIN
	SET @permission_id = permission_id;
	SET @policy_id = policy_id;
	SET @permission = permission;
	SET @transaction_log_id = transaction_log_id;
	SET @record_log = record_log;

	SET @query = 'INSERT INTO global_permission (PERMISSION_ID, POLICY_ID, PERMISSION, TRANSACTION_LOG_ID, RECORD_LOG) VALUES(@permission_id, @policy_id, @permission, @transaction_log_id, @record_log)';

	PREPARE stmt FROM @query;
	EXECUTE stmt;
	DROP PREPARE stmt;
END ;;
DELIMITER ;
/*!50003 SET sql_mode              = @saved_sql_mode */ ;
/*!50003 SET character_set_client  = @saved_cs_client */ ;
/*!50003 SET character_set_results = @saved_cs_results */ ;
/*!50003 SET collation_connection  = @saved_col_connection */ ;
/*!50003 DROP PROCEDURE IF EXISTS `insert_permission_role` */;
/*!50003 SET @saved_cs_client      = @@character_set_client */ ;
/*!50003 SET @saved_cs_results     = @@character_set_results */ ;
/*!50003 SET @saved_col_connection = @@collation_connection */ ;
/*!50003 SET character_set_client  = utf8mb4 */ ;
/*!50003 SET character_set_results = utf8mb4 */ ;
/*!50003 SET collation_connection  = utf8mb4_unicode_ci */ ;
/*!50003 SET @saved_sql_mode       = @@sql_mode */ ;
/*!50003 SET sql_mode              = 'NO_ZERO_IN_DATE,NO_ZERO_DATE,NO_ENGINE_SUBSTITUTION' */ ;
DELIMITER ;;
CREATE DEFINER=`root`@`localhost` PROCEDURE `insert_permission_role`(IN role_id VARCHAR(100), IN permission_id INT, IN record_log VARCHAR(100))
BEGIN
	SET @role_id = role_id;
	SET @permission_id = permission_id;
	SET @record_log = record_log;

	SET @query = 'INSERT INTO global_role_permission (ROLE_ID, PERMISSION_ID, RECORD_LOG) VALUES (@role_id, @permission_id, @record_log)';

	PREPARE stmt FROM @query;
	EXECUTE stmt;
	DROP PREPARE stmt;
END ;;
DELIMITER ;
/*!50003 SET sql_mode              = @saved_sql_mode */ ;
/*!50003 SET character_set_client  = @saved_cs_client */ ;
/*!50003 SET character_set_results = @saved_cs_results */ ;
/*!50003 SET collation_connection  = @saved_col_connection */ ;
/*!50003 DROP PROCEDURE IF EXISTS `insert_policy` */;
/*!50003 SET @saved_cs_client      = @@character_set_client */ ;
/*!50003 SET @saved_cs_results     = @@character_set_results */ ;
/*!50003 SET @saved_col_connection = @@collation_connection */ ;
/*!50003 SET character_set_client  = utf8mb4 */ ;
/*!50003 SET character_set_results = utf8mb4 */ ;
/*!50003 SET collation_connection  = utf8mb4_unicode_ci */ ;
/*!50003 SET @saved_sql_mode       = @@sql_mode */ ;
/*!50003 SET sql_mode              = 'NO_ZERO_IN_DATE,NO_ZERO_DATE,NO_ENGINE_SUBSTITUTION' */ ;
DELIMITER ;;
CREATE DEFINER=`root`@`localhost` PROCEDURE `insert_policy`(IN policy_id INT, IN policy VARCHAR(100), IN policy_description VARCHAR(200), IN transaction_log_id VARCHAR(100), IN record_log VARCHAR(100))
BEGIN
	SET @policy_id = policy_id;
	SET @policy = policy;
	SET @policy_description = policy_description;
	SET @transaction_log_id = transaction_log_id;
	SET @record_log = record_log;

	SET @query = 'INSERT INTO global_policy (POLICY_ID, POLICY, POLICY_DESCRIPTION, TRANSACTION_LOG_ID, RECORD_LOG) VALUES(@policy_id, @policy, @policy_description, @transaction_log_id, @record_log)';

	PREPARE stmt FROM @query;
	EXECUTE stmt;
	DROP PREPARE stmt;
END ;;
DELIMITER ;
/*!50003 SET sql_mode              = @saved_sql_mode */ ;
/*!50003 SET character_set_client  = @saved_cs_client */ ;
/*!50003 SET character_set_results = @saved_cs_results */ ;
/*!50003 SET collation_connection  = @saved_col_connection */ ;
/*!50003 DROP PROCEDURE IF EXISTS `insert_role` */;
/*!50003 SET @saved_cs_client      = @@character_set_client */ ;
/*!50003 SET @saved_cs_results     = @@character_set_results */ ;
/*!50003 SET @saved_col_connection = @@collation_connection */ ;
/*!50003 SET character_set_client  = utf8mb4 */ ;
/*!50003 SET character_set_results = utf8mb4 */ ;
/*!50003 SET collation_connection  = utf8mb4_unicode_ci */ ;
/*!50003 SET @saved_sql_mode       = @@sql_mode */ ;
/*!50003 SET sql_mode              = 'NO_ZERO_IN_DATE,NO_ZERO_DATE,NO_ENGINE_SUBSTITUTION' */ ;
DELIMITER ;;
CREATE DEFINER=`root`@`localhost` PROCEDURE `insert_role`(IN role_id VARCHAR(100), IN role VARCHAR(100), IN role_description VARCHAR(100), IN transaction_log_id VARCHAR(500), IN record_log VARCHAR(100))
BEGIN
	SET @role_id = role_id;
	SET @role = role;
	SET @role_description = role_description;
	SET @transaction_log_id = transaction_log_id;
	SET @record_log = record_log;

	SET @query = 'INSERT INTO global_role (ROLE_ID, ROLE, ROLE_DESCRIPTION, TRANSACTION_LOG_ID, RECORD_LOG) VALUES(@role_id, @role, @role_description, @transaction_log_id, @record_log)';

	PREPARE stmt FROM @query;
	EXECUTE stmt;
	DROP PREPARE stmt;
END ;;
DELIMITER ;
/*!50003 SET sql_mode              = @saved_sql_mode */ ;
/*!50003 SET character_set_client  = @saved_cs_client */ ;
/*!50003 SET character_set_results = @saved_cs_results */ ;
/*!50003 SET collation_connection  = @saved_col_connection */ ;
/*!50003 DROP PROCEDURE IF EXISTS `insert_transaction_log` */;
/*!50003 SET @saved_cs_client      = @@character_set_client */ ;
/*!50003 SET @saved_cs_results     = @@character_set_results */ ;
/*!50003 SET @saved_col_connection = @@collation_connection */ ;
/*!50003 SET character_set_client  = utf8mb4 */ ;
/*!50003 SET character_set_results = utf8mb4 */ ;
/*!50003 SET collation_connection  = utf8mb4_unicode_ci */ ;
/*!50003 SET @saved_sql_mode       = @@sql_mode */ ;
/*!50003 SET sql_mode              = 'NO_ZERO_IN_DATE,NO_ZERO_DATE,NO_ENGINE_SUBSTITUTION' */ ;
DELIMITER ;;
CREATE DEFINER=`root`@`localhost` PROCEDURE `insert_transaction_log`(IN transaction_log_id VARCHAR(100), IN username VARCHAR(50), log_type VARCHAR(100), log_date DATETIME, log VARCHAR(4000))
BEGIN
	SET @transaction_log_id = transaction_log_id;
	SET @username = username;
	SET @log_type = log_type;
	SET @log_date = log_date;
	SET @log = log;

	SET @query = 'INSERT INTO global_transaction_log (TRANSACTION_LOG_ID, USERNAME, LOG_TYPE, LOG_DATE, LOG) VALUES(@transaction_log_id, @username, @log_type, @log_date, @log)';

	PREPARE stmt FROM @query;
	EXECUTE stmt;
	DROP PREPARE stmt;
END ;;
DELIMITER ;
/*!50003 SET sql_mode              = @saved_sql_mode */ ;
/*!50003 SET character_set_client  = @saved_cs_client */ ;
/*!50003 SET character_set_results = @saved_cs_results */ ;
/*!50003 SET collation_connection  = @saved_col_connection */ ;
/*!50003 DROP PROCEDURE IF EXISTS `update_login_attempt` */;
/*!50003 SET @saved_cs_client      = @@character_set_client */ ;
/*!50003 SET @saved_cs_results     = @@character_set_results */ ;
/*!50003 SET @saved_col_connection = @@collation_connection */ ;
/*!50003 SET character_set_client  = utf8mb4 */ ;
/*!50003 SET character_set_results = utf8mb4 */ ;
/*!50003 SET collation_connection  = utf8mb4_unicode_ci */ ;
/*!50003 SET @saved_sql_mode       = @@sql_mode */ ;
/*!50003 SET sql_mode              = 'NO_ZERO_IN_DATE,NO_ZERO_DATE,NO_ENGINE_SUBSTITUTION' */ ;
DELIMITER ;;
CREATE DEFINER=`root`@`localhost` PROCEDURE `update_login_attempt`(IN username VARCHAR(50), login_attemp INT(1), last_failed_attempt_date DATETIME)
BEGIN
	SET @username = username;
	SET @login_attemp = login_attemp;
	SET @last_failed_attempt_date = last_failed_attempt_date;

    IF @login_attemp > 0 THEN
		SET @query = 'UPDATE global_user_account SET FAILED_LOGIN = @login_attemp, LAST_FAILED_LOGIN = @last_failed_attempt_date WHERE USERNAME = @username';
	ELSE
		SET @query = 'UPDATE global_user_account SET FAILED_LOGIN = @login_attemp WHERE USERNAME = @username';
    END IF;

	PREPARE stmt FROM @query;
	EXECUTE stmt;
	DROP PREPARE stmt;
END ;;
DELIMITER ;
/*!50003 SET sql_mode              = @saved_sql_mode */ ;
/*!50003 SET character_set_client  = @saved_cs_client */ ;
/*!50003 SET character_set_results = @saved_cs_results */ ;
/*!50003 SET collation_connection  = @saved_col_connection */ ;
/*!50003 DROP PROCEDURE IF EXISTS `update_permission` */;
/*!50003 SET @saved_cs_client      = @@character_set_client */ ;
/*!50003 SET @saved_cs_results     = @@character_set_results */ ;
/*!50003 SET @saved_col_connection = @@collation_connection */ ;
/*!50003 SET character_set_client  = utf8mb4 */ ;
/*!50003 SET character_set_results = utf8mb4 */ ;
/*!50003 SET collation_connection  = utf8mb4_unicode_ci */ ;
/*!50003 SET @saved_sql_mode       = @@sql_mode */ ;
/*!50003 SET sql_mode              = 'NO_ZERO_IN_DATE,NO_ZERO_DATE,NO_ENGINE_SUBSTITUTION' */ ;
DELIMITER ;;
CREATE DEFINER=`root`@`localhost` PROCEDURE `update_permission`(IN permission_id INT, IN policy_id INT, IN permission VARCHAR(100), IN transaction_log_id VARCHAR(100), IN record_log VARCHAR(100))
BEGIN
	SET @permission_id = permission_id;
	SET @permission = permission;
	SET @policy_id = policy_id;
	SET @transaction_log_id = transaction_log_id;
	SET @record_log = record_log;

	SET @query = 'UPDATE global_permission SET POLICY_ID = @policy_id, PERMISSION = @permission, TRANSACTION_LOG_ID = @transaction_log_id, RECORD_LOG = @record_log WHERE PERMISSION_ID = @permission_id';

	PREPARE stmt FROM @query;
	EXECUTE stmt;
	DROP PREPARE stmt;
END ;;
DELIMITER ;
/*!50003 SET sql_mode              = @saved_sql_mode */ ;
/*!50003 SET character_set_client  = @saved_cs_client */ ;
/*!50003 SET character_set_results = @saved_cs_results */ ;
/*!50003 SET collation_connection  = @saved_col_connection */ ;
/*!50003 DROP PROCEDURE IF EXISTS `update_policy` */;
/*!50003 SET @saved_cs_client      = @@character_set_client */ ;
/*!50003 SET @saved_cs_results     = @@character_set_results */ ;
/*!50003 SET @saved_col_connection = @@collation_connection */ ;
/*!50003 SET character_set_client  = utf8mb4 */ ;
/*!50003 SET character_set_results = utf8mb4 */ ;
/*!50003 SET collation_connection  = utf8mb4_unicode_ci */ ;
/*!50003 SET @saved_sql_mode       = @@sql_mode */ ;
/*!50003 SET sql_mode              = 'NO_ZERO_IN_DATE,NO_ZERO_DATE,NO_ENGINE_SUBSTITUTION' */ ;
DELIMITER ;;
CREATE DEFINER=`root`@`localhost` PROCEDURE `update_policy`(IN policy_id INT, IN policy VARCHAR(100), IN policy_description VARCHAR(200), IN transaction_log_id VARCHAR(100), IN record_log VARCHAR(100))
BEGIN
	SET @policy_id = policy_id;
	SET @policy = policy;
	SET @policy_description = policy_description;
	SET @transaction_log_id = transaction_log_id;
	SET @record_log = record_log;

	SET @query = 'UPDATE global_policy SET POLICY = @policy, POLICY_DESCRIPTION = @policy_description, TRANSACTION_LOG_ID = @transaction_log_id, RECORD_LOG = @record_log WHERE POLICY_ID = @policy_id';

	PREPARE stmt FROM @query;
	EXECUTE stmt;
	DROP PREPARE stmt;
END ;;
DELIMITER ;
/*!50003 SET sql_mode              = @saved_sql_mode */ ;
/*!50003 SET character_set_client  = @saved_cs_client */ ;
/*!50003 SET character_set_results = @saved_cs_results */ ;
/*!50003 SET collation_connection  = @saved_col_connection */ ;
/*!50003 DROP PROCEDURE IF EXISTS `update_role` */;
/*!50003 SET @saved_cs_client      = @@character_set_client */ ;
/*!50003 SET @saved_cs_results     = @@character_set_results */ ;
/*!50003 SET @saved_col_connection = @@collation_connection */ ;
/*!50003 SET character_set_client  = utf8mb4 */ ;
/*!50003 SET character_set_results = utf8mb4 */ ;
/*!50003 SET collation_connection  = utf8mb4_unicode_ci */ ;
/*!50003 SET @saved_sql_mode       = @@sql_mode */ ;
/*!50003 SET sql_mode              = 'NO_ZERO_IN_DATE,NO_ZERO_DATE,NO_ENGINE_SUBSTITUTION' */ ;
DELIMITER ;;
CREATE DEFINER=`root`@`localhost` PROCEDURE `update_role`(IN role_id VARCHAR(100), IN role VARCHAR(100), IN role_description VARCHAR(100), IN transaction_log_id VARCHAR(500), IN record_log VARCHAR(100))
BEGIN
	SET @role_id = role_id;
	SET @role = role;
	SET @role_description = role_description;
	SET @transaction_log_id = transaction_log_id;
	SET @record_log = record_log;

	SET @query = 'UPDATE global_role SET ROLE = @role, ROLE_DESCRIPTION = @role_description, TRANSACTION_LOG_ID = @transaction_log_id, RECORD_LOG = @record_log WHERE ROLE_ID = @role_id';

	PREPARE stmt FROM @query;
	EXECUTE stmt;
	DROP PREPARE stmt;
END ;;
DELIMITER ;
/*!50003 SET sql_mode              = @saved_sql_mode */ ;
/*!50003 SET character_set_client  = @saved_cs_client */ ;
/*!50003 SET character_set_results = @saved_cs_results */ ;
/*!50003 SET collation_connection  = @saved_col_connection */ ;
/*!50003 DROP PROCEDURE IF EXISTS `update_system_parameter_value` */;
/*!50003 SET @saved_cs_client      = @@character_set_client */ ;
/*!50003 SET @saved_cs_results     = @@character_set_results */ ;
/*!50003 SET @saved_col_connection = @@collation_connection */ ;
/*!50003 SET character_set_client  = utf8mb4 */ ;
/*!50003 SET character_set_results = utf8mb4 */ ;
/*!50003 SET collation_connection  = utf8mb4_unicode_ci */ ;
/*!50003 SET @saved_sql_mode       = @@sql_mode */ ;
/*!50003 SET sql_mode              = 'NO_ZERO_IN_DATE,NO_ZERO_DATE,NO_ENGINE_SUBSTITUTION' */ ;
DELIMITER ;;
CREATE DEFINER=`root`@`localhost` PROCEDURE `update_system_parameter_value`(IN parameter_id INT, IN parameter_number INT, IN record_log VARCHAR(100))
BEGIN
	SET @parameter_id = parameter_id;
	SET @parameter_number = parameter_number;
	SET @record_log = record_log;

	SET @query = 'UPDATE global_system_parameters SET PARAMETER_NUMBER = @parameter_number, RECORD_LOG = @record_log WHERE PARAMETER_ID = @parameter_id';

	PREPARE stmt FROM @query;
	EXECUTE stmt;
	DROP PREPARE stmt;
END ;;
DELIMITER ;
/*!50003 SET sql_mode              = @saved_sql_mode */ ;
/*!50003 SET character_set_client  = @saved_cs_client */ ;
/*!50003 SET character_set_results = @saved_cs_results */ ;
/*!50003 SET collation_connection  = @saved_col_connection */ ;
/*!50003 DROP PROCEDURE IF EXISTS `update_user_account_password` */;
/*!50003 SET @saved_cs_client      = @@character_set_client */ ;
/*!50003 SET @saved_cs_results     = @@character_set_results */ ;
/*!50003 SET @saved_col_connection = @@collation_connection */ ;
/*!50003 SET character_set_client  = utf8mb4 */ ;
/*!50003 SET character_set_results = utf8mb4 */ ;
/*!50003 SET collation_connection  = utf8mb4_unicode_ci */ ;
/*!50003 SET @saved_sql_mode       = @@sql_mode */ ;
/*!50003 SET sql_mode              = 'NO_ZERO_IN_DATE,NO_ZERO_DATE,NO_ENGINE_SUBSTITUTION' */ ;
DELIMITER ;;
CREATE DEFINER=`root`@`localhost` PROCEDURE `update_user_account_password`(IN username VARCHAR(50), password VARCHAR(200), password_expiry_date DATE)
BEGIN
	SET @username = username;
	SET @password = password;
	SET @password_expiry_date = password_expiry_date;

	SET @query = 'UPDATE global_user_account SET PASSWORD = @password, PASSWORD_EXPIRY_DATE = @password_expiry_date WHERE USERNAME = @username';

	PREPARE stmt FROM @query;
	EXECUTE stmt;
	DROP PREPARE stmt;
END ;;
DELIMITER ;
/*!50003 SET sql_mode              = @saved_sql_mode */ ;
/*!50003 SET character_set_client  = @saved_cs_client */ ;
/*!50003 SET character_set_results = @saved_cs_results */ ;
/*!50003 SET collation_connection  = @saved_col_connection */ ;
/*!40103 SET TIME_ZONE=@OLD_TIME_ZONE */;

/*!40101 SET SQL_MODE=@OLD_SQL_MODE */;
/*!40014 SET FOREIGN_KEY_CHECKS=@OLD_FOREIGN_KEY_CHECKS */;
/*!40014 SET UNIQUE_CHECKS=@OLD_UNIQUE_CHECKS */;
/*!40101 SET CHARACTER_SET_CLIENT=@OLD_CHARACTER_SET_CLIENT */;
/*!40101 SET CHARACTER_SET_RESULTS=@OLD_CHARACTER_SET_RESULTS */;
/*!40101 SET COLLATION_CONNECTION=@OLD_COLLATION_CONNECTION */;
/*!40111 SET SQL_NOTES=@OLD_SQL_NOTES */;

-- Dump completed on 2022-06-12 19:41:20
