/* Create Table */

CREATE TABLE global_user_account(
	USERNAME VARCHAR(50) PRIMARY KEY,
	PASSWORD VARCHAR(200) NOT NULL,
	USER_STATUS VARCHAR(10) NOT NULL,
	PASSWORD_EXPIRY_DATE DATE NOT NULL,
	FAILED_LOGIN INT(1) NOT NULL,
	LAST_FAILED_LOGIN DATETIME,
    TRANSACTION_LOG_ID VARCHAR(100),
	RECORD_LOG VARCHAR(100)
);

CREATE TABLE global_transaction_log( 
	TRANSACTION_LOG_ID VARCHAR(100) NOT NULL,
	USERNAME VARCHAR(50) NOT NULL,
	LOG_TYPE VARCHAR(100) NOT NULL,
	LOG_DATE DATETIME NOT NULL,
	LOG VARCHAR(4000)
);

CREATE TABLE global_system_parameters(
	PARAMETER_ID INT PRIMARY KEY,
	PARAMETER VARCHAR(100) NOT NULL,
	PARAMETER_DESCRIPTION VARCHAR(100) NOT NULL,
	PARAMETER_EXTENSION VARCHAR(10),
	PARAMETER_NUMBER INT NOT NULL,
	TRANSACTION_LOG_ID VARCHAR(100),
	RECORD_LOG VARCHAR(100)
);

CREATE TABLE global_policy(
	POLICY_ID INT(50) PRIMARY KEY,
	POLICY VARCHAR(100) NOT NULL,
	POLICY_DESCRIPTION VARCHAR(200) NOT NULL,
	TRANSACTION_LOG_ID VARCHAR(100),
	RECORD_LOG VARCHAR(100)
);

CREATE TABLE global_permission(
	PERMISSION_ID INT(50) PRIMARY KEY,
	POLICY_ID INT(50) NOT NULL,
	PERMISSION VARCHAR(100) NOT NULL,
	TRANSACTION_LOG_ID VARCHAR(100),
	RECORD_LOG VARCHAR(100)
);

CREATE TABLE global_role(
	ROLE_ID VARCHAR(50) PRIMARY KEY,
	ROLE VARCHAR(100) NOT NULL,
	ROLE_DESCRIPTION VARCHAR(200) NOT NULL,
	TRANSACTION_LOG_ID VARCHAR(100),
	RECORD_LOG VARCHAR(100)
);

CREATE TABLE global_role_user_account(
	ROLE_ID VARCHAR(50) NOT NULL,
	USERNAME VARCHAR(50) NOT NULL,
	RECORD_LOG VARCHAR(100)
);

CREATE TABLE global_role_permission(
	ROLE_ID VARCHAR(50) NOT NULL,
	PERMISSION_ID INT(20) NOT NULL,
	RECORD_LOG VARCHAR(100)
);

CREATE TABLE global_system_code(
	SYSTEM_TYPE VARCHAR(20) NOT NULL,
	SYSTEM_CODE VARCHAR(20) NOT NULL,
	SYSTEM_DESCRIPTION VARCHAR(100) NOT NULL,
	TRANSACTION_LOG_ID VARCHAR(100)
	RECORD_LOG VARCHAR(100)
);

CREATE TABLE global_upload_setting(
	UPLOAD_SETTING_ID INT(50) PRIMARY KEY,
	UPLOAD_SETTING VARCHAR(200) NOT NULL,
	DESCRIPTION VARCHAR(200) NOT NULL,
	MAX_FILE_SIZE DOUBLE,
    TRANSACTION_LOG_ID VARCHAR(100),
	RECORD_LOG VARCHAR(100)
);

CREATE TABLE global_upload_file_type(
	UPLOAD_SETTING_ID INT(50),
	FILE_TYPE VARCHAR(50) NOT NULL,
	RECORD_LOG VARCHAR(100)
);

CREATE TABLE global_company(
	COMPANY_ID VARCHAR(50) PRIMARY KEY,
	COMPANY_NAME VARCHAR(100) NOT NULL,
	COMPANY_LOGO VARCHAR(500),
	EMAIL VARCHAR(50),
	TELEPHONE VARCHAR(20),
	MOBILE VARCHAR(20),
	WEBSITE VARCHAR(100),
	TAX_ID VARCHAR(100),
	STREET_1 VARCHAR(200),
	STREET_2 VARCHAR(200),
	COUNTRY_ID INT,
	PROVINCE_ID INT,
	CITY VARCHAR(100),
	ZIP_CODE VARCHAR(10),
    TRANSACTION_LOG_ID VARCHAR(100),
	RECORD_LOG VARCHAR(100)
);

/* Index */
CREATE INDEX global_user_account_index ON global_user_account(USERNAME);
CREATE INDEX global_system_parameter_index ON global_system_parameters(PARAMETER_ID);
CREATE INDEX global_policy_index ON global_policy(POLICY_ID);
CREATE INDEX global_permission_index ON global_policy(POLICY_ID);
CREATE INDEX global_role_index ON global_role(ROLE_ID);
CREATE INDEX global_system_code_index ON global_system_code(SYSTEM_TYPE, SYSTEM_CODE);
CREATE INDEX global_upload_setting_index ON global_upload_setting(UPLOAD_SETTING_ID);
CREATE INDEX global_company_index ON global_company(COMPANY_ID);

/* Stored Procedure */

CREATE PROCEDURE check_user_account_exist(IN username VARCHAR(50))
BEGIN
	SET @username = username;

	SET @query = 'SELECT COUNT(1) AS TOTAL FROM global_user_account WHERE BINARY USERNAME = @username';

	PREPARE stmt FROM @query;
	EXECUTE stmt;
	DROP PREPARE stmt;
END //

CREATE PROCEDURE get_user_account_details(IN username VARCHAR(50))
BEGIN
	SET @username = username;

	SET @query = 'SELECT PASSWORD, USER_STATUS, PASSWORD_EXPIRY_DATE, FAILED_LOGIN, LAST_FAILED_LOGIN, TRANSACTION_LOG_ID, RECORD_LOG FROM global_user_account WHERE USERNAME = @username';

	PREPARE stmt FROM @query;
	EXECUTE stmt;
	DROP PREPARE stmt;
END //

CREATE PROCEDURE update_login_attempt(IN username VARCHAR(50), login_attemp INT(1), last_failed_attempt_date DATETIME)
BEGIN
	SET @username = username;
	SET @login_attemp = login_attemp;
	SET @last_failed_attempt_date = last_failed_attempt_date;

    IF @login_attemp > 0 THEN
		SET @query = 'UPDATE global_user_account SET FAILED_LOGIN = @login_attemp, LAST_FAILED_LOGIN = @last_failed_attempt_date WHERE USERNAME = @username';
	ELSE
		SET @query = 'UPDATE global_user_account SET FAILED_LOGIN = @login_attemp WHERE USERNAME = @username';
    END IF;

	PREPARE stmt FROM @query;
	EXECUTE stmt;
	DROP PREPARE stmt;
END //

CREATE PROCEDURE update_user_account_password(IN username VARCHAR(50), password VARCHAR(200), password_expiry_date DATE)
BEGIN
	SET @username = username;
	SET @password = password;
	SET @password_expiry_date = password_expiry_date;

	SET @query = 'UPDATE global_user_account SET PASSWORD = @password, PASSWORD_EXPIRY_DATE = @password_expiry_date WHERE USERNAME = @username';

	PREPARE stmt FROM @query;
	EXECUTE stmt;
	DROP PREPARE stmt;
END //

CREATE PROCEDURE insert_transaction_log(IN transaction_log_id VARCHAR(100), IN username VARCHAR(50), log_type VARCHAR(100), log_date DATETIME, log VARCHAR(4000))
BEGIN
	SET @transaction_log_id = transaction_log_id;
	SET @username = username;
	SET @log_type = log_type;
	SET @log_date = log_date;
	SET @log = log;

	SET @query = 'INSERT INTO global_transaction_log (TRANSACTION_LOG_ID, USERNAME, LOG_TYPE, LOG_DATE, LOG) VALUES(@transaction_log_id, @username, @log_type, @log_date, @log)';

	PREPARE stmt FROM @query;
	EXECUTE stmt;
	DROP PREPARE stmt;
END //

CREATE PROCEDURE get_permission_count(IN role_id VARCHAR(50), IN permission_id INT)
BEGIN
	SET @role_id = role_id;
	SET @permission_id = permission_id;

	SET @query = 'SELECT COUNT(PERMISSION_ID) AS TOTAL FROM global_role_permission WHERE ROLE_ID = @role_id AND PERMISSION_ID = @permission_id';

	PREPARE stmt FROM @query;
	EXECUTE stmt;
	DROP PREPARE stmt;
END //

CREATE PROCEDURE check_policy_exist(IN policy_id INT)
BEGIN
	SET @policy_id = policy_id;

	SET @query = 'SELECT COUNT(1) AS TOTAL FROM global_policy WHERE POLICY_ID = @policy_id';

	PREPARE stmt FROM @query;
	EXECUTE stmt;
	DROP PREPARE stmt;
END //

CREATE PROCEDURE update_policy(IN policy_id INT, IN policy VARCHAR(100), IN policy_description VARCHAR(200), IN transaction_log_id VARCHAR(100), IN record_log VARCHAR(100))
BEGIN
	SET @policy_id = policy_id;
	SET @policy = policy;
	SET @policy_description = policy_description;
	SET @transaction_log_id = transaction_log_id;
	SET @record_log = record_log;

	SET @query = 'UPDATE global_policy SET POLICY = @policy, POLICY_DESCRIPTION = @policy_description, TRANSACTION_LOG_ID = @transaction_log_id, RECORD_LOG = @record_log WHERE POLICY_ID = @policy_id';

	PREPARE stmt FROM @query;
	EXECUTE stmt;
	DROP PREPARE stmt;
END //

CREATE PROCEDURE insert_policy(IN policy_id INT, IN policy VARCHAR(100), IN policy_description VARCHAR(200), IN transaction_log_id VARCHAR(100), IN record_log VARCHAR(100))
BEGIN
	SET @policy_id = policy_id;
	SET @policy = policy;
	SET @policy_description = policy_description;
	SET @transaction_log_id = transaction_log_id;
	SET @record_log = record_log;

	SET @query = 'INSERT INTO global_policy (POLICY_ID, POLICY, POLICY_DESCRIPTION, TRANSACTION_LOG_ID, RECORD_LOG) VALUES(@policy_id, @policy, @policy_description, @transaction_log_id, @record_log)';

	PREPARE stmt FROM @query;
	EXECUTE stmt;
	DROP PREPARE stmt;
END //

CREATE PROCEDURE get_policy_details(IN policy_id INT)
BEGIN
	SET @policy_id = policy_id;

	SET @query = 'SELECT POLICY, POLICY_DESCRIPTION, TRANSACTION_LOG_ID, RECORD_LOG FROM global_policy WHERE POLICY_ID = @policy_id';

	PREPARE stmt FROM @query;
	EXECUTE stmt;
	DROP PREPARE stmt;
END //

CREATE PROCEDURE delete_policy(IN policy_id INT)
BEGIN
	SET @policy_id = policy_id;

	SET @query = 'DELETE FROM global_policy WHERE POLICY_ID = @policy_id';

	PREPARE stmt FROM @query;
	EXECUTE stmt;
	DROP PREPARE stmt;
END //

CREATE PROCEDURE delete_all_permission(IN policy_id INT)
BEGIN
	SET @policy_id = policy_id;

	SET @query = 'DELETE FROM global_permission WHERE POLICY_ID = @policy_id';

	PREPARE stmt FROM @query;
	EXECUTE stmt;
	DROP PREPARE stmt;
END //

CREATE PROCEDURE check_permission_exist(IN permission_id INT)
BEGIN
	SET @permission_id = permission_id;

	SET @query = 'SELECT COUNT(1) AS TOTAL FROM global_permission WHERE PERMISSION_ID = @permission_id';

	PREPARE stmt FROM @query;
	EXECUTE stmt;
	DROP PREPARE stmt;
END //

CREATE PROCEDURE update_permission(IN permission_id INT, IN policy_id INT, IN permission VARCHAR(100), IN transaction_log_id VARCHAR(100), IN record_log VARCHAR(100))
BEGIN
	SET @permission_id = permission_id;
	SET @permission = permission;
	SET @policy_id = policy_id;
	SET @transaction_log_id = transaction_log_id;
	SET @record_log = record_log;

	SET @query = 'UPDATE global_permission SET POLICY_ID = @policy_id, PERMISSION = @permission, TRANSACTION_LOG_ID = @transaction_log_id, RECORD_LOG = @record_log WHERE PERMISSION_ID = @permission_id';

	PREPARE stmt FROM @query;
	EXECUTE stmt;
	DROP PREPARE stmt;
END //

CREATE PROCEDURE insert_permission(IN permission_id INT, IN policy_id INT, IN permission VARCHAR(100), IN transaction_log_id VARCHAR(100), IN record_log VARCHAR(100))
BEGIN
	SET @permission_id = permission_id;
	SET @policy_id = policy_id;
	SET @permission = permission;
	SET @transaction_log_id = transaction_log_id;
	SET @record_log = record_log;

	SET @query = 'INSERT INTO global_permission (PERMISSION_ID, POLICY_ID, PERMISSION, TRANSACTION_LOG_ID, RECORD_LOG) VALUES(@permission_id, @policy_id, @permission, @transaction_log_id, @record_log)';

	PREPARE stmt FROM @query;
	EXECUTE stmt;
	DROP PREPARE stmt;
END //

CREATE PROCEDURE get_permission_details(IN permission_id INT)
BEGIN
	SET @permission_id = permission_id;

	SET @query = 'SELECT POLICY_ID, PERMISSION, TRANSACTION_LOG_ID, RECORD_LOG FROM global_permission WHERE PERMISSION_ID = @permission_id';

	PREPARE stmt FROM @query;
	EXECUTE stmt;
	DROP PREPARE stmt;
END //

CREATE PROCEDURE delete_permission(IN permission_id INT)
BEGIN
	SET @permission_id = permission_id;

	SET @query = 'DELETE FROM global_permission WHERE PERMISSION_ID = @permission_id';

	PREPARE stmt FROM @query;
	EXECUTE stmt;
	DROP PREPARE stmt;
END //

CREATE PROCEDURE update_system_parameter_value(IN parameter_id INT, IN parameter_number INT, IN record_log VARCHAR(100))
BEGIN
	SET @parameter_id = parameter_id;
	SET @parameter_number = parameter_number;
	SET @record_log = record_log;

	SET @query = 'UPDATE global_system_parameters SET PARAMETER_NUMBER = @parameter_number, RECORD_LOG = @record_log WHERE PARAMETER_ID = @parameter_id';

	PREPARE stmt FROM @query;
	EXECUTE stmt;
	DROP PREPARE stmt;
END //

CREATE PROCEDURE get_system_parameter(IN parameter_id INT)
BEGIN
	SET @parameter_id = parameter_id;

	SET @query = 'SELECT PARAMETER_EXTENSION, PARAMETER_NUMBER FROM global_system_parameters WHERE PARAMETER_ID = @parameter_id';

	PREPARE stmt FROM @query;
	EXECUTE stmt;
	DROP PREPARE stmt;
END //

CREATE PROCEDURE check_role_exist(IN role_id VARCHAR(50))
BEGIN
	SET @role_id = role_id;

	SET @query = 'SELECT COUNT(1) AS TOTAL FROM global_role WHERE ROLE_ID = @role_id';

	PREPARE stmt FROM @query;
	EXECUTE stmt;
	DROP PREPARE stmt;
END //

CREATE PROCEDURE update_role(IN role_id VARCHAR(100), IN role VARCHAR(100), IN role_description VARCHAR(100), IN transaction_log_id VARCHAR(100), IN record_log VARCHAR(100))
BEGIN
	SET @role_id = role_id;
	SET @role = role;
	SET @role_description = role_description;
	SET @transaction_log_id = transaction_log_id;
	SET @record_log = record_log;

	SET @query = 'UPDATE global_role SET ROLE = @role, ROLE_DESCRIPTION = @role_description, TRANSACTION_LOG_ID = @transaction_log_id, RECORD_LOG = @record_log WHERE ROLE_ID = @role_id';

	PREPARE stmt FROM @query;
	EXECUTE stmt;
	DROP PREPARE stmt;
END //

CREATE PROCEDURE insert_role(IN role_id VARCHAR(100), IN role VARCHAR(100), IN role_description VARCHAR(100), IN transaction_log_id VARCHAR(100), IN record_log VARCHAR(100))
BEGIN
	SET @role_id = role_id;
	SET @role = role;
	SET @role_description = role_description;
	SET @transaction_log_id = transaction_log_id;
	SET @record_log = record_log;

	SET @query = 'INSERT INTO global_role (ROLE_ID, ROLE, ROLE_DESCRIPTION, TRANSACTION_LOG_ID, RECORD_LOG) VALUES(@role_id, @role, @role_description, @transaction_log_id, @record_log)';

	PREPARE stmt FROM @query;
	EXECUTE stmt;
	DROP PREPARE stmt;
END //

CREATE PROCEDURE get_role_details(IN role_id VARCHAR(100))
BEGIN
	SET @role_id = role_id;

	SET @query = 'SELECT ROLE, ROLE_DESCRIPTION, TRANSACTION_LOG_ID, RECORD_LOG FROM global_role WHERE ROLE_ID = @role_id';

	PREPARE stmt FROM @query;
	EXECUTE stmt;
	DROP PREPARE stmt;
END //

CREATE PROCEDURE delete_role(IN role_id VARCHAR(100))
BEGIN
	SET @role_id = role_id;

	SET @query = 'DELETE FROM global_role WHERE ROLE_ID = @role_id';

	PREPARE stmt FROM @query;
	EXECUTE stmt;
	DROP PREPARE stmt;
END //

CREATE PROCEDURE delete_permission_role(IN role_id VARCHAR(100))
BEGIN
	SET @role_id = role_id;

	SET @query = 'DELETE FROM global_role_permission WHERE ROLE_ID = @role_id';

	PREPARE stmt FROM @query;
	EXECUTE stmt;
	DROP PREPARE stmt;
END //

CREATE PROCEDURE insert_permission_role(IN role_id VARCHAR(100), IN permission_id INT, IN record_log VARCHAR(100))
BEGIN
	SET @role_id = role_id;
	SET @permission_id = permission_id;
	SET @record_log = record_log;

	SET @query = 'INSERT INTO global_role_permission (ROLE_ID, PERMISSION_ID, RECORD_LOG) VALUES (@role_id, @permission_id, @record_log)';

	PREPARE stmt FROM @query;
	EXECUTE stmt;
	DROP PREPARE stmt;
END //

CREATE PROCEDURE get_role_permission_details(IN role_id VARCHAR(100))
BEGIN
	SET @role_id = role_id;

	SET @query = 'SELECT PERMISSION_ID, RECORD_LOG FROM global_role_permission WHERE ROLE_ID = @role_id';

	PREPARE stmt FROM @query;
	EXECUTE stmt;
	DROP PREPARE stmt;
END //

CREATE PROCEDURE check_user_account_exist(IN username VARCHAR(50))
BEGIN
	SET @username = username;

	SET @query = 'SELECT COUNT(1) AS TOTAL FROM global_user_account WHERE USERNAME = @username';

	PREPARE stmt FROM @query;
	EXECUTE stmt;
	DROP PREPARE stmt;
END //

CREATE PROCEDURE update_user_account(IN username VARCHAR(50), IN password VARCHAR(200), IN password_expiry_date DATE, IN transaction_log_id VARCHAR(100), IN record_log VARCHAR(100))
BEGIN
	SET @username = username;
	SET @password = password;
	SET @password_expiry_date = password_expiry_date;
	SET @transaction_log_id = transaction_log_id;
	SET @record_log = record_log;

	IF @password IS NULL OR @password = '' THEN
		SET @query = 'UPDATE global_user_account SET TRANSACTION_LOG_ID = @transaction_log_id, RECORD_LOG = @record_log WHERE USERNAME = @username';
	ELSE
		SET @query = 'UPDATE global_user_account SET PASSWORD = @password, PASSWORD_EXPIRY_DATE = @password_expiry_date, TRANSACTION_LOG_ID = @transaction_log_id, RECORD_LOG = @record_log WHERE USERNAME = @username';
    END IF;

	PREPARE stmt FROM @query;
	EXECUTE stmt;
	DROP PREPARE stmt;
END //

CREATE PROCEDURE insert_user_account(IN username VARCHAR(50), IN password VARCHAR(200), IN password_expiry_date DATE, IN transaction_log_id VARCHAR(100), IN record_log VARCHAR(100))
BEGIN
	SET @username = username;
	SET @password = password;
	SET @password_expiry_date = password_expiry_date;
	SET @transaction_log_id = transaction_log_id;
	SET @record_log = record_log;

	SET @query = 'INSERT INTO global_user_account (USERNAME, PASSWORD, USER_STATUS, PASSWORD_EXPIRY_DATE, FAILED_LOGIN, LAST_FAILED_LOGIN, TRANSACTION_LOG_ID, RECORD_LOG) VALUES(@username, @password, "ACTIVE", @password_expiry_date, 0, null, @transaction_log_id, @record_log)';

	PREPARE stmt FROM @query;
	EXECUTE stmt;
	DROP PREPARE stmt;
END //

CREATE PROCEDURE insert_user_account_role(IN username VARCHAR(50), IN role_id VARCHAR(50), IN record_log VARCHAR(100))
BEGIN
	SET @username = username;
	SET @role_id = role_id;
	SET @record_log = record_log;

	SET @query = 'INSERT INTO global_role_user_account (ROLE_ID, USERNAME, RECORD_LOG) VALUES(@role_id, @username, @record_log)';

	PREPARE stmt FROM @query;
	EXECUTE stmt;
	DROP PREPARE stmt;
END //

CREATE PROCEDURE delete_all_user_account_role(IN user_code VARCHAR(50))
BEGIN
	SET @user_code = user_code;

	SET @query = 'DELETE FROM global_role_user_account WHERE USERNAME = @user_code';

	PREPARE stmt FROM @query;
	EXECUTE stmt;
	DROP PREPARE stmt;
END //

CREATE PROCEDURE update_user_account_lock_status(IN username VARCHAR(50), IN transaction_type VARCHAR(10), IN last_failed_login DATE, IN record_log VARCHAR(100))
BEGIN
	SET @username = username;
	SET @transaction_type = transaction_type;
	SET @last_failed_login = last_failed_login;
	SET @record_log = record_log;

	IF @transaction_type = 'unlock' THEN
		SET @query = 'UPDATE global_user_account SET FAILED_LOGIN = 0, LAST_FAILED_LOGIN = null, RECORD_LOG = @record_log WHERE USERNAME = @username';
	ELSE
		SET @query = 'UPDATE global_user_account SET FAILED_LOGIN = 5, LAST_FAILED_LOGIN = @last_failed_login, RECORD_LOG = @record_log WHERE USERNAME = @username';
    END IF;

	PREPARE stmt FROM @query;
	EXECUTE stmt;
	DROP PREPARE stmt;
END //

CREATE PROCEDURE update_user_account_status(IN username VARCHAR(50), IN USER_STATUS VARCHAR(10), IN record_log VARCHAR(100))
BEGIN
	SET @username = username;
	SET @USER_STATUS = USER_STATUS;
	SET @record_log = record_log;

	SET @query = 'UPDATE global_user_account SET USER_STATUS = @USER_STATUS, RECORD_LOG = @record_log WHERE USERNAME = @username';

	PREPARE stmt FROM @query;
	EXECUTE stmt;
	DROP PREPARE stmt;
END //

CREATE PROCEDURE get_user_account_role_details(IN role_id VARCHAR(50), IN username VARCHAR(50))
BEGIN
	SET @role_id = role_id;
	SET @username = username;

	SET @query = 'SELECT ROLE_ID, USERNAME, RECORD_LOG FROM global_role_user_account WHERE ROLE_ID = @role_id OR USERNAME = @username';

	PREPARE stmt FROM @query;
	EXECUTE stmt;
	DROP PREPARE stmt;
END //

CREATE PROCEDURE generate_role_options()
BEGIN
	SET @query = 'SELECT ROLE_ID, ROLE FROM global_role ORDER BY ROLE';

	PREPARE stmt FROM @query;
	EXECUTE stmt;
	DROP PREPARE stmt;
END //

CREATE PROCEDURE check_system_parameter_exist(IN parameter_id INT)
BEGIN
	SET @parameter_id = parameter_id;

	SET @query = 'SELECT COUNT(1) AS TOTAL FROM global_system_parameters WHERE PARAMETER_ID = @parameter_id';

	PREPARE stmt FROM @query;
	EXECUTE stmt;
	DROP PREPARE stmt;
END //

CREATE PROCEDURE update_system_parameter(IN parameter_id INT, IN parameter VARCHAR(100), IN parameter_description VARCHAR(100), IN extension VARCHAR(10), IN parameter_number INT, IN transaction_log_id VARCHAR(100), IN record_log VARCHAR(100))
BEGIN
	SET @parameter_id = parameter_id;
	SET @parameter = parameter;
	SET @parameter_description = parameter_description;
	SET @extension = extension;
	SET @parameter_number = parameter_number;
	SET @transaction_log_id = transaction_log_id;
	SET @record_log = record_log;

	SET @query = 'UPDATE global_system_parameters SET PARAMETER = @parameter, PARAMETER_DESCRIPTION = @parameter_description, PARAMETER_EXTENSION = @extension, PARAMETER_NUMBER = @parameter_number, TRANSACTION_LOG_ID = @transaction_log_id, RECORD_LOG = @record_log WHERE PARAMETER_ID = @parameter_id';

	PREPARE stmt FROM @query;
	EXECUTE stmt;
	DROP PREPARE stmt;
END //

CREATE PROCEDURE insert_system_parameter(IN parameter_id INT, IN parameter VARCHAR(100), IN parameter_description VARCHAR(100), IN extension VARCHAR(10), IN parameter_number INT, IN transaction_log_id VARCHAR(100), IN record_log VARCHAR(100))
BEGIN
	SET @parameter_id = parameter_id;
	SET @parameter = parameter;
	SET @parameter_description = parameter_description;
	SET @extension = extension;
	SET @parameter_number = parameter_number;
	SET @transaction_log_id = transaction_log_id;
	SET @record_log = record_log;

	SET @query = 'INSERT INTO global_system_parameters (PARAMETER_ID, PARAMETER, PARAMETER_DESCRIPTION, PARAMETER_EXTENSION, PARAMETER_NUMBER, TRANSACTION_LOG_ID, RECORD_LOG) VALUES(@parameter_id, @parameter, @parameter_description, @extension, @parameter_number, @transaction_log_id, @record_log)';

	PREPARE stmt FROM @query;
	EXECUTE stmt;
	DROP PREPARE stmt;
END //

CREATE PROCEDURE get_system_parameter_details(IN parameter_id INT)
BEGIN
	SET @parameter_id = parameter_id;

	SET @query = 'SELECT PARAMETER, PARAMETER_DESCRIPTION, PARAMETER_EXTENSION, PARAMETER_NUMBER, TRANSACTION_LOG_ID, RECORD_LOG FROM global_system_parameters WHERE PARAMETER_ID = @parameter_id';

	PREPARE stmt FROM @query;
	EXECUTE stmt;
	DROP PREPARE stmt;
END //

CREATE PROCEDURE delete_system_parameter(IN parameter_id INT)
BEGIN
	SET @parameter_id = parameter_id;

	SET @query = 'DELETE FROM global_system_parameters WHERE PARAMETER_ID = @parameter_id';

	PREPARE stmt FROM @query;
	EXECUTE stmt;
	DROP PREPARE stmt;
END //

CREATE PROCEDURE check_system_code_exist(IN system_type VARCHAR(20), IN system_code VARCHAR(20))
BEGIN
	SET @system_type = system_type;
	SET @system_code = system_code;

	SET @query = 'SELECT COUNT(1) AS TOTAL FROM global_system_code WHERE SYSTEM_TYPE = @system_type AND SYSTEM_CODE = @system_code';

	PREPARE stmt FROM @query;
	EXECUTE stmt;
	DROP PREPARE stmt;
END //

CREATE PROCEDURE update_system_code(IN system_type VARCHAR(100), IN system_code VARCHAR(100), IN system_description VARCHAR(100), IN transaction_log_id VARCHAR(100), IN record_log VARCHAR(100))
BEGIN
	SET @system_type = system_type;
	SET @system_code = system_code;
	SET @system_description = system_description;
	SET @transaction_log_id = transaction_log_id;
	SET @record_log = record_log;

	SET @query = 'UPDATE global_system_code SET SYSTEM_DESCRIPTION = @system_description, TRANSACTION_LOG_ID = @transaction_log_id, RECORD_LOG = @record_log WHERE SYSTEM_TYPE = @system_type AND SYSTEM_CODE = @system_code';

	PREPARE stmt FROM @query;
	EXECUTE stmt;
	DROP PREPARE stmt;
END //

CREATE PROCEDURE insert_system_code(IN system_type VARCHAR(100), IN system_code VARCHAR(100), IN system_description VARCHAR(100), IN transaction_log_id VARCHAR(100), IN record_log VARCHAR(100))
BEGIN
	SET @system_type = system_type;
	SET @system_code = system_code;
	SET @system_description = system_description;
	SET @transaction_log_id = transaction_log_id;
	SET @record_log = record_log;

	SET @query = 'INSERT INTO global_system_code (SYSTEM_TYPE, SYSTEM_CODE, SYSTEM_DESCRIPTION, TRANSACTION_LOG_ID, RECORD_LOG) VALUES(@system_type, @system_code, @system_description, @transaction_log_id, @record_log)';

	PREPARE stmt FROM @query;
	EXECUTE stmt;
	DROP PREPARE stmt;
END //

CREATE PROCEDURE get_system_code_details(IN system_type VARCHAR(100), IN system_code VARCHAR(100))
BEGIN
	SET @system_type = system_type;
	SET @system_code = system_code;

	SET @query = 'SELECT SYSTEM_DESCRIPTION, TRANSACTION_LOG_ID, RECORD_LOG FROM global_system_code WHERE SYSTEM_TYPE = @system_type AND SYSTEM_CODE = @system_code';

	PREPARE stmt FROM @query;
	EXECUTE stmt;
	DROP PREPARE stmt;
END //

CREATE PROCEDURE generate_system_code_options(IN system_type VARCHAR(100))
BEGIN
	SET @system_type = system_type;

	SET @query = 'SELECT SYSTEM_CODE, SYSTEM_DESCRIPTION FROM global_system_code WHERE SYSTEM_TYPE = @system_type ORDER BY SYSTEM_DESCRIPTION';

	PREPARE stmt FROM @query;
	EXECUTE stmt;
	DROP PREPARE stmt;
END //

CREATE PROCEDURE delete_system_code(IN system_type VARCHAR(100), IN system_code VARCHAR(100))
BEGIN
	SET @system_type = system_type;
	SET @system_code = system_code;

	SET @query = 'DELETE FROM global_system_code WHERE SYSTEM_TYPE = @system_type AND SYSTEM_CODE = @system_code';

	PREPARE stmt FROM @query;
	EXECUTE stmt;
	DROP PREPARE stmt;
END //

CREATE PROCEDURE check_upload_setting_exist(IN upload_setting_id INT(50))
BEGIN
	SET @upload_setting_id = upload_setting_id;

	SET @query = 'SELECT COUNT(1) AS TOTAL FROM global_upload_setting WHERE UPLOAD_SETTING_ID = @upload_setting_id';

	PREPARE stmt FROM @query;
	EXECUTE stmt;
	DROP PREPARE stmt;
END //

CREATE PROCEDURE update_upload_setting(IN upload_setting_id INT(50), IN upload_setting VARCHAR(200), IN description VARCHAR(200), IN max_file_size DOUBLE, IN transaction_log_id VARCHAR(100), IN record_log VARCHAR(100))
BEGIN
	SET @upload_setting_id = upload_setting_id;
	SET @upload_setting = upload_setting;
	SET @description = description;
	SET @max_file_size = max_file_size;
	SET @transaction_log_id = transaction_log_id;
	SET @record_log = record_log;

	SET @query = 'UPDATE global_upload_setting SET UPLOAD_SETTING = @upload_setting, DESCRIPTION = @description, MAX_FILE_SIZE = @max_file_size, TRANSACTION_LOG_ID = @transaction_log_id, RECORD_LOG = @record_log WHERE UPLOAD_SETTING_ID = @upload_setting_id';

	PREPARE stmt FROM @query;
	EXECUTE stmt;
	DROP PREPARE stmt;
END //

CREATE PROCEDURE insert_upload_setting(IN upload_setting_id INT(50), IN upload_setting VARCHAR(200), IN description VARCHAR(200), IN max_file_size DOUBLE, IN transaction_log_id VARCHAR(100), IN record_log VARCHAR(100))
BEGIN
	SET @upload_setting_id = upload_setting_id;
	SET @upload_setting = upload_setting;
	SET @description = description;
	SET @max_file_size = max_file_size;
	SET @transaction_log_id = transaction_log_id;
	SET @record_log = record_log;

	SET @query = 'INSERT INTO global_upload_setting (UPLOAD_SETTING_ID, UPLOAD_SETTING, DESCRIPTION, MAX_FILE_SIZE, TRANSACTION_LOG_ID, RECORD_LOG) VALUES(@upload_setting_id, @upload_setting, @description, @max_file_size, @transaction_log_id, @record_log)';

	PREPARE stmt FROM @query;
	EXECUTE stmt;
	DROP PREPARE stmt;
END //

CREATE PROCEDURE insert_upload_file_type(IN upload_setting_id INT(50), IN file_type VARCHAR(50), IN record_log VARCHAR(100))
BEGIN
	SET @upload_setting_id = upload_setting_id;
	SET @file_type = file_type;
	SET @record_log = record_log;

	SET @query = 'INSERT INTO global_upload_file_type (UPLOAD_SETTING_ID, FILE_TYPE, RECORD_LOG) VALUES(@upload_setting_id, @file_type, @record_log)';

	PREPARE stmt FROM @query;
	EXECUTE stmt;
	DROP PREPARE stmt;
END //

CREATE PROCEDURE get_upload_setting_details(IN upload_setting_id INT(50))
BEGIN
	SET @upload_setting_id = upload_setting_id;

	SET @query = 'SELECT UPLOAD_SETTING, DESCRIPTION, MAX_FILE_SIZE, TRANSACTION_LOG_ID, RECORD_LOG FROM global_upload_setting WHERE UPLOAD_SETTING_ID = @upload_setting_id';

	PREPARE stmt FROM @query;
	EXECUTE stmt;
	DROP PREPARE stmt;
END //

CREATE PROCEDURE get_upload_file_type_details(IN upload_setting_id INT(50))
BEGIN
	SET @upload_setting_id = upload_setting_id;

	SET @query = 'SELECT FILE_TYPE, RECORD_LOG FROM global_upload_file_type WHERE UPLOAD_SETTING_ID = @upload_setting_id';

	PREPARE stmt FROM @query;
	EXECUTE stmt;
	DROP PREPARE stmt;
END //

CREATE PROCEDURE delete_upload_setting(IN upload_setting_id INT(50))
BEGIN
	SET @upload_setting_id = upload_setting_id;

	SET @query = 'DELETE FROM global_upload_setting WHERE UPLOAD_SETTING_ID = @upload_setting_id';

	PREPARE stmt FROM @query;
	EXECUTE stmt;
	DROP PREPARE stmt;
END //

CREATE PROCEDURE delete_all_upload_file_type(IN upload_setting_id INT(50))
BEGIN
	SET @upload_setting_id = upload_setting_id;

	SET @query = 'DELETE FROM global_upload_file_type WHERE UPLOAD_SETTING_ID = @upload_setting_id';

	PREPARE stmt FROM @query;
	EXECUTE stmt;
	DROP PREPARE stmt;
END //

/* Insert Transactions */
INSERT INTO global_user_account (USERNAME, PASSWORD, USER_STATUS, PASSWORD_EXPIRY_DATE, FAILED_LOGIN, LAST_FAILED_LOGIN, TRANSACTION_LOG_ID) VALUES ('ADMIN', '68aff5412f35ed76', 'Active', '2021-12-30', 0, null, 'TL-1');
INSERT INTO global_system_parameters (PARAMETER_ID, PARAMETER, PARAMETER_DESCRIPTION, PARAMETER_EXTENSION, PARAMETER_NUMBER, TRANSACTION_LOG_ID) VALUES ('1', 'System Parameter', 'Parameter for system parameters.', '', 3, 'TL-2');
INSERT INTO global_system_parameters (PARAMETER_ID, PARAMETER, PARAMETER_DESCRIPTION, PARAMETER_EXTENSION, PARAMETER_NUMBER, TRANSACTION_LOG_ID) VALUES ('2', 'Transaction Log', 'Parameter for transaction logs.', 'TL-', 4, 'TL-3');
INSERT INTO global_system_parameters (PARAMETER_ID, PARAMETER, PARAMETER_DESCRIPTION, PARAMETER_EXTENSION, PARAMETER_NUMBER, TRANSACTION_LOG_ID) VALUES ('3', 'Policy', 'Parameter for policies.', '', 0, 'TL-4');
INSERT INTO global_system_parameters (PARAMETER_ID, PARAMETER, PARAMETER_DESCRIPTION, PARAMETER_EXTENSION, PARAMETER_NUMBER, TRANSACTION_LOG_ID) VALUES ('4', 'Permissions', 'Parameter for permissions.', '', 0, 'TL-5');
INSERT INTO global_system_parameters (PARAMETER_ID, PARAMETER, PARAMETER_DESCRIPTION, PARAMETER_EXTENSION, PARAMETER_NUMBER, TRANSACTION_LOG_ID) VALUES ('5', 'Role', 'Parameter for role.', 'RL-', 0, 'TL-5');
INSERT INTO global_system_code (SYSTEM_TYPE, SYSTEM_CODE, SYSTEM_DESCRIPTION, TRANSACTION_LOG_ID) VALUES ('SYSTYPE', 'SYSTYPE', 'SYSTEM CODE', '');

INSERT INTO global_transaction_log (TRANSACTION_LOG_ID, USERNAME, LOG_TYPE, LOG_DATE, LOG) VALUES ('TL-1', 'ADMIN', 'Insert', '2021-08-01 12:00:00', 'User ADMIN inserted user account.');
INSERT INTO global_transaction_log (TRANSACTION_LOG_ID, USERNAME, LOG_TYPE, LOG_DATE, LOG) VALUES ('TL-2', 'ADMIN', 'Insert', '2021-08-01 12:00:00', 'User ADMIN inserted system parameter.');
INSERT INTO global_transaction_log (TRANSACTION_LOG_ID, USERNAME, LOG_TYPE, LOG_DATE, LOG) VALUES ('TL-3', 'ADMIN', 'Insert', '2021-08-01 12:00:00', 'User ADMIN inserted system parameter.');
INSERT INTO global_transaction_log (TRANSACTION_LOG_ID, USERNAME, LOG_TYPE, LOG_DATE, LOG) VALUES ('TL-4', 'ADMIN', 'Insert', '2021-08-01 12:00:00', 'User ADMIN inserted system parameter.');
INSERT INTO global_transaction_log (TRANSACTION_LOG_ID, USERNAME, LOG_TYPE, LOG_DATE, LOG) VALUES ('TL-5', 'ADMIN', 'Insert', '2021-08-01 12:00:00', 'User ADMIN inserted system parameter.');
INSERT INTO global_transaction_log (TRANSACTION_LOG_ID, USERNAME, LOG_TYPE, LOG_DATE, LOG) VALUES ('TL-6', 'ADMIN', 'Insert', '2021-08-01 12:00:00', 'User ADMIN inserted system parameter.');